"time","capacitor1.v","der(capacitor1.v)","capacitor1.i","capacitor1.n.i","capacitor1.n.v","capacitor1.p.i","capacitor1.p.v","ground1.p.i","ground1.p.v","ground2.p.v","ground3.p.v","resistor1.LossPower","resistor1.R_actual","resistor1.v","resistor2.LossPower","resistor2.R_actual","resistor2.i","resistor2.v","sineVoltage1.v","constantVoltage1.i","constantVoltage1.n.i","constantVoltage1.n.v","constantVoltage1.p.i","ground2.p.i","ground3.p.i","resistor1.i","resistor1.n.i","resistor1.n.v","resistor1.p.i","resistor1.p.v","resistor2.n.i","resistor2.p.i","resistor2.p.v","sineVoltage1.i","sineVoltage1.n.i","sineVoltage1.n.v","sineVoltage1.p.i","sineVoltage1.p.v","sineVoltage1.signalSource.y"
0,0,0,0,0,0,0,0,0,0,0,0,0,1,0,0,1,0,0,0,0,-0,0,0,-0,0,0,-0,0,0,0,-0,0,0,-0,0,0,-0,0,0
0.01,0,0,0,0,0.005002452612811644,0,0.005002452612811644,0,0,0,0,2.502453214342605e-05,1,0.005002452612811644,2.502453214342605e-05,1,0.005002452612811644,0.005002452612811644,0.01000490522562329,0.005002452612811644,-0.005002452612811644,0,0.005002452612811644,-0.005002452612811644,0.005002452612811644,0.005002452612811644,-0.005002452612811644,0.005002452612811644,0.005002452612811644,0.01000490522562329,-0.005002452612811644,0.005002452612811644,0.005002452612811644,-0.005002452612811644,0.005002452612811644,0,-0.005002452612811644,0.01000490522562329,0.01000490522562329
0.02,0,0,0,0,0.01000440447694715,0,0.01000440447694715,0,0,0,0,0.0001000881089383602,1,0.01000440447694715,0.0001000881089383602,1,0.01000440447694715,0.01000440447694715,0.0200088089538943,0.01000440447694715,-0.01000440447694715,0,0.01000440447694715,-0.01000440447694715,0.01000440447694715,0.01000440447694715,-0.01000440447694715,0.01000440447694715,0.01000440447694715,0.0200088089538943,-0.01000440447694715,0.01000440447694715,0.01000440447694715,-0.01000440447694715,0.01000440447694715,0,-0.01000440447694715,0.0200088089538943,0.0200088089538943
0.03,0,0,0,0,0.01500535489385565,0,0.01500535489385565,0,0,0,0,0.0002251606754905576,1,0.01500535489385565,0.0002251606754905576,1,0.01500535489385565,0.01500535489385565,0.0300107097877113,0.01500535489385565,-0.01500535489385565,0,0.01500535489385565,-0.01500535489385565,0.01500535489385565,0.01500535489385565,-0.01500535489385565,0.01500535489385565,0.01500535489385565,0.0300107097877113,-0.01500535489385565,0.01500535489385565,0.01500535489385565,-0.01500535489385565,0.01500535489385565,0,-0.01500535489385565,0.0300107097877113,0.0300107097877113
0.04,0,0,0,0,0.02000480326523176,0,0.02000480326523176,0,0,0,0,0.0004001921536806272,1,0.02000480326523176,0.0004001921536806272,1,0.02000480326523176,0.02000480326523176,0.04000960653046352,0.02000480326523176,-0.02000480326523176,0,0.02000480326523176,-0.02000480326523176,0.02000480326523176,0.02000480326523176,-0.02000480326523176,0.02000480326523176,0.02000480326523176,0.04000960653046352,-0.02000480326523176,0.02000480326523176,0.02000480326523176,-0.02000480326523176,0.02000480326523176,0,-0.02000480326523176,0.04000960653046352,0.04000960653046352
0.05,0,0,0,0,0.02500224914312582,0,0.02500224914312582,0,0,0,0,0.0006251124622149359,1,0.02500224914312582,0.0006251124622149359,1,0.02500224914312582,0.02500224914312582,0.05000449828625164,0.02500224914312582,-0.02500224914312582,0,0.02500224914312582,-0.02500224914312582,0.02500224914312582,0.02500224914312582,-0.02500224914312582,0.02500224914312582,0.02500224914312582,0.05000449828625164,-0.02500224914312582,0.02500224914312582,0.02500224914312582,-0.02500224914312582,0.02500224914312582,0,-0.02500224914312582,0.05000449828625164,0.05000449828625164
0.06,0,0,0,0,0.02999719228003903,0,0.02999719228003903,0,0,0,0,0.0008998315446856329,1,0.02999719228003903,0.0008998315446856329,1,0.02999719228003903,0.02999719228003903,0.05999438456007805,0.02999719228003903,-0.02999719228003903,0,0.02999719228003903,-0.02999719228003903,0.02999719228003903,0.02999719228003903,-0.02999719228003903,0.02999719228003903,0.02999719228003903,0.05999438456007805,-0.02999719228003903,0.02999719228003903,0.02999719228003903,-0.02999719228003903,0.02999719228003903,0,-0.02999719228003903,0.05999438456007805,0.05999438456007805
0.07000000000000001,0,0,0,0,0.03498913267899855,0,0.03498913267899855,0,0,0,0,0.001224239405628564,1,0.03498913267899855,0.001224239405628564,1,0.03498913267899855,0.03498913267899855,0.0699782653579971,0.03498913267899855,-0.03498913267899855,0,0.03498913267899855,-0.03498913267899855,0.03498913267899855,0.03498913267899855,-0.03498913267899855,0.03498913267899855,0.03498913267899855,0.0699782653579971,-0.03498913267899855,0.03498913267899855,0.03498913267899855,-0.03498913267899855,0.03498913267899855,0,-0.03498913267899855,0.0699782653579971,0.0699782653579971
0.08,0,0,0,0,0.0399775706436075,0,0.0399775706436075,0,0,0,0,0.001598206154564628,1,0.0399775706436075,0.001598206154564628,1,0.0399775706436075,0.0399775706436075,0.079955141287215,0.0399775706436075,-0.0399775706436075,0,0.0399775706436075,-0.0399775706436075,0.0399775706436075,0.0399775706436075,-0.0399775706436075,0.0399775706436075,0.0399775706436075,0.079955141287215,-0.0399775706436075,0.0399775706436075,0.0399775706436075,-0.0399775706436075,0.0399775706436075,0,-0.0399775706436075,0.079955141287215,0.079955141287215
0.09,0,0,0,0,0.04496200682806493,0,0.04496200682806493,0,0,0,0,0.002021582058006957,1,0.04496200682806493,0.002021582058006957,1,0.04496200682806493,0.04496200682806493,0.08992401365612986,0.04496200682806493,-0.04496200682806493,0,0.04496200682806493,-0.04496200682806493,0.04496200682806493,0.04496200682806493,-0.04496200682806493,0.04496200682806493,0.04496200682806493,0.08992401365612986,-0.04496200682806493,0.04496200682806493,0.04496200682806493,-0.04496200682806493,0.04496200682806493,0,-0.04496200682806493,0.08992401365612986,0.08992401365612986
0.1,0,0,0,0,0.04994194228715059,0,0.04994194228715059,0,0,0,0,0.00249419759941308,1,0.04994194228715059,0.00249419759941308,1,0.04994194228715059,0.04994194228715059,0.09988388457430118,0.04994194228715059,-0.04994194228715059,0,0.04994194228715059,-0.04994194228715059,0.04994194228715059,0.04994194228715059,-0.04994194228715059,0.04994194228715059,0.04994194228715059,0.09988388457430118,-0.04994194228715059,0.04994194228715059,0.04994194228715059,-0.04994194228715059,0.04994194228715059,0,-0.04994194228715059,0.09988388457430118,0.09988388457430118
0.11,0,0,0,0,0.05491687852616969,0,0.05491687852616969,0,0,0,0,0.003015863547058078,1,0.05491687852616969,0.003015863547058078,1,0.05491687852616969,0.05491687852616969,0.1098337570523394,0.05491687852616969,-0.05491687852616969,0,0.05491687852616969,-0.05491687852616969,0.05491687852616969,0.05491687852616969,-0.05491687852616969,0.05491687852616969,0.05491687852616969,0.1098337570523394,-0.05491687852616969,0.05491687852616969,0.05491687852616969,-0.05491687852616969,0.05491687852616969,0,-0.05491687852616969,0.1098337570523394,0.1098337570523394
0.12,0,0,0,0,0.05988631755085255,0,0.05988631755085255,0,0,0,0,0.003586371029801551,1,0.05988631755085255,0.003586371029801551,1,0.05988631755085255,0.05988631755085255,0.1197726351017051,0.05988631755085255,-0.05988631755085255,0,0.05988631755085255,-0.05988631755085255,0.05988631755085255,0.05988631755085255,-0.05988631755085255,0.05988631755085255,0.05988631755085255,0.1197726351017051,-0.05988631755085255,0.05988631755085255,0.05988631755085255,-0.05988631755085255,0.05988631755085255,0,-0.05988631755085255,0.1197726351017051,0.1197726351017051
0.13,0,0,0,0,0.06484976191720412,0,0.06484976191720412,0,0,0,0,0.004205491620718058,1,0.06484976191720412,0.004205491620718058,1,0.06484976191720412,0.06484976191720412,0.1296995238344082,0.06484976191720412,-0.06484976191720412,0,0.06484976191720412,-0.06484976191720412,0.06484976191720412,0.06484976191720412,-0.06484976191720412,0.06484976191720412,0.06484976191720412,0.1296995238344082,-0.06484976191720412,0.06484976191720412,0.06484976191720412,-0.06484976191720412,0.06484976191720412,0,-0.06484976191720412,0.1296995238344082,0.1296995238344082
0.14,0,0,0,0,0.06980671478129849,0,0.06980671478129849,0,0,0,0,0.004872977428557557,1,0.06980671478129849,0.004872977428557557,1,0.06980671478129849,0.06980671478129849,0.139613429562597,0.06980671478129849,-0.06980671478129849,0,0.06980671478129849,-0.06980671478129849,0.06980671478129849,0.06980671478129849,-0.06980671478129849,0.06980671478129849,0.06980671478129849,0.139613429562597,-0.06980671478129849,0.06980671478129849,0.06980671478129849,-0.06980671478129849,0.06980671478129849,0,-0.06980671478129849,0.139613429562597,0.139613429562597
0.15,0,0,0,0,0.07475667994901311,0,0.07475667994901311,0,0,0,0,0.005588561196999179,1,0.07475667994901311,0.005588561196999179,1,0.07475667994901311,0.07475667994901311,0.1495133598980262,0.07475667994901311,-0.07475667994901311,0,0.07475667994901311,-0.07475667994901311,0.07475667994901311,0.07475667994901311,-0.07475667994901311,0.07475667994901311,0.07475667994901311,0.1495133598980262,-0.07475667994901311,0.07475667994901311,0.07475667994901311,-0.07475667994901311,0.07475667994901311,0,-0.07475667994901311,0.1495133598980262,0.1495133598980262
0.16,0,0,0,0,0.07969916192569844,0,0.07969916192569844,0,0,0,0,0.0063519564116587,1,0.07969916192569844,0.0063519564116587,1,0.07969916192569844,0.07969916192569844,0.1593983238513969,0.07969916192569844,-0.07969916192569844,0,0.07969916192569844,-0.07969916192569844,0.07969916192569844,0.07969916192569844,-0.07969916192569844,0.07969916192569844,0.07969916192569844,0.1593983238513969,-0.07969916192569844,0.07969916192569844,0.07969916192569844,-0.07969916192569844,0.07969916192569844,0,-0.07969916192569844,0.1593983238513969,0.1593983238513969
0.17,0,0,0,0,0.084633665965777,0,0.084633665965777,0,0,0,0,0.007162857414806719,1,0.084633665965777,0.007162857414806719,1,0.084633665965777,0.084633665965777,0.169267331931554,0.084633665965777,-0.084633665965777,0,0.084633665965777,-0.084633665965777,0.084633665965777,0.084633665965777,-0.084633665965777,0.084633665965777,0.084633665965777,0.169267331931554,-0.084633665965777,0.084633665965777,0.084633665965777,-0.084633665965777,0.084633665965777,0,-0.084633665965777,0.169267331931554,0.169267331931554
0.18,0,0,0,0,0.0895596981222678,0,0.0895596981222678,0,0,0,0,0.008020939527751739,1,0.0895596981222678,0.008020939527751739,1,0.0895596981222678,0.0895596981222678,0.1791193962445356,0.0895596981222678,-0.0895596981222678,0,0.0895596981222678,-0.0895596981222678,0.0895596981222678,0.0895596981222678,-0.0895596981222678,0.0895596981222678,0.0895596981222678,0.1791193962445356,-0.0895596981222678,0.0895596981222678,0.0895596981222678,-0.0895596981222678,0.0895596981222678,0,-0.0895596981222678,0.1791193962445356,0.1791193962445356
0.19,0,0,0,0,0.09447676529623084,0,0.09447676529623084,0,0,0,0,0.008925859180839088,1,0.09447676529623084,0.008925859180839088,1,0.09447676529623084,0.09447676529623084,0.1889535305924617,0.09447676529623084,-0.09447676529623084,0,0.09447676529623084,-0.09447676529623084,0.09447676529623084,0.09447676529623084,-0.09447676529623084,0.09447676529623084,0.09447676529623084,0.1889535305924617,-0.09447676529623084,0.09447676529623084,0.09447676529623084,-0.09447676529623084,0.09447676529623084,0,-0.09447676529623084,0.1889535305924617,0.1889535305924617
0.2,0,0,0,0,0.09938437528612651,0,0.09938437528612651,0,0,0,0,0.009877254051013633,1,0.09938437528612651,0.009877254051013633,1,0.09938437528612651,0.09938437528612651,0.198768750572253,0.09938437528612651,-0.09938437528612651,0,0.09938437528612651,-0.09938437528612651,0.09938437528612651,0.09938437528612651,-0.09938437528612651,0.09938437528612651,0.09938437528612651,0.198768750572253,-0.09938437528612651,0.09938437528612651,0.09938437528612651,-0.09938437528612651,0.09938437528612651,0,-0.09938437528612651,0.198768750572253,0.198768750572253
0.21,0,0,0,0,0.1042820368370853,0,0.1042820368370853,0,0,0,0,0.01087474320689122,1,0.1042820368370853,0.01087474320689122,1,0.1042820368370853,0.1042820368370853,0.2085640736741706,0.1042820368370853,-0.1042820368370853,0,0.1042820368370853,-0.1042820368370853,0.1042820368370853,0.1042820368370853,-0.1042820368370853,0.1042820368370853,0.1042820368370853,0.2085640736741706,-0.1042820368370853,0.1042820368370853,0.1042820368370853,-0.1042820368370853,0.1042820368370853,0,-0.1042820368370853,0.2085640736741706,0.2085640736741706
0.22,0,0,0,0,0.1091692596900828,0,0.1091692596900828,0,0,0,0,0.01191792726128073,1,0.1091692596900828,0.01191792726128073,1,0.1091692596900828,0.1091692596900828,0.2183385193801655,0.1091692596900828,-0.1091692596900828,0,0.1091692596900828,-0.1091692596900828,0.1091692596900828,0.1091692596900828,-0.1091692596900828,0.1091692596900828,0.1091692596900828,0.2183385193801655,-0.1091692596900828,0.1091692596900828,0.1091692596900828,-0.1091692596900828,0.1091692596900828,0,-0.1091692596900828,0.2183385193801655,0.2183385193801655
0.23,0,0,0,0,0.1140455546310148,0,0.1140455546310148,0,0,0,0,0.01300638853109577,1,0.1140455546310148,0.01300638853109577,1,0.1140455546310148,0.1140455546310148,0.2280911092620295,0.1140455546310148,-0.1140455546310148,0,0.1140455546310148,-0.1140455546310148,0.1140455546310148,0.1140455546310148,-0.1140455546310148,0.1140455546310148,0.1140455546310148,0.2280911092620295,-0.1140455546310148,0.1140455546310148,0.1140455546310148,-0.1140455546310148,0.1140455546310148,0,-0.1140455546310148,0.2280911092620295,0.2280911092620295
0.24,0,0,0,0,0.118910433539668,0,0.118910433539668,0,0,0,0,0.0141396912045918,1,0.118910433539668,0.0141396912045918,1,0.118910433539668,0.118910433539668,0.237820867079336,0.118910433539668,-0.118910433539668,0,0.118910433539668,-0.118910433539668,0.118910433539668,0.118910433539668,-0.118910433539668,0.118910433539668,0.118910433539668,0.237820867079336,-0.118910433539668,0.118910433539668,0.118910433539668,-0.118910433539668,0.118910433539668,0,-0.118910433539668,0.237820867079336,0.237820867079336
0.25,0,0,0,0,0.1237634094385814,0,0.1237634094385814,0,0,0,0,0.01531738151586193,1,0.1237634094385814,0.01531738151586193,1,0.1237634094385814,0.1237634094385814,0.2475268188771627,0.1237634094385814,-0.1237634094385814,0,0.1237634094385814,-0.1237634094385814,0.1237634094385814,0.1237634094385814,-0.1237634094385814,0.1237634094385814,0.1237634094385814,0.2475268188771627,-0.1237634094385814,0.1237634094385814,0.1237634094385814,-0.1237634094385814,0.1237634094385814,0,-0.1237634094385814,0.2475268188771627,0.2475268188771627
0.26,0,0,0,0,0.1286039965417924,0,0.1286039965417924,0,0,0,0,0.01653898792652135,1,0.1286039965417924,0.01653898792652135,1,0.1286039965417924,0.1286039965417924,0.2572079930835848,0.1286039965417924,-0.1286039965417924,0,0.1286039965417924,-0.1286039965417924,0.1286039965417924,0.1286039965417924,-0.1286039965417924,0.1286039965417924,0.1286039965417924,0.2572079930835848,-0.1286039965417924,0.1286039965417924,0.1286039965417924,-0.1286039965417924,0.1286039965417924,0,-0.1286039965417924,0.2572079930835848,0.2572079930835848
0.27,0,0,0,0,0.1334317103034652,0,0.1334317103034652,0,0,0,0,0.01780402131450785,1,0.1334317103034652,0.01780402131450785,1,0.1334317103034652,0.1334317103034652,0.2668634206069303,0.1334317103034652,-0.1334317103034652,0,0.1334317103034652,-0.1334317103034652,0.1334317103034652,0.1334317103034652,-0.1334317103034652,0.1334317103034652,0.1334317103034652,0.2668634206069303,-0.1334317103034652,0.1334317103034652,0.1334317103034652,-0.1334317103034652,0.1334317103034652,0,-0.1334317103034652,0.2668634206069303,0.2668634206069303
0.28,0,0,0,0,0.1382460674663931,0,0.1382460674663931,0,0,0,0,0.01911197516992253,1,0.1382460674663931,0.01911197516992253,1,0.1382460674663931,0.1382460674663931,0.2764921349327863,0.1382460674663931,-0.1382460674663931,0,0.1382460674663931,-0.1382460674663931,0.1382460674663931,0.1382460674663931,-0.1382460674663931,0.1382460674663931,0.1382460674663931,0.2764921349327863,-0.1382460674663931,0.1382460674663931,0.1382460674663931,-0.1382460674663931,0.1382460674663931,0,-0.1382460674663931,0.2764921349327863,0.2764921349327863
0.29,0,0,0,0,0.1430465861103739,0,0.1430465861103739,0,0,0,0,0.02046232579783261,1,0.1430465861103739,0.02046232579783261,1,0.1430465861103739,0.1430465861103739,0.2860931722207478,0.1430465861103739,-0.1430465861103739,0,0.1430465861103739,-0.1430465861103739,0.1430465861103739,0.1430465861103739,-0.1430465861103739,0.1430465861103739,0.1430465861103739,0.2860931722207478,-0.1430465861103739,0.1430465861103739,0.1430465861103739,-0.1430465861103739,0.1430465861103739,0,-0.1430465861103739,0.2860931722207478,0.2860931722207478
0.3,0,0,0,0,0.1478327857004496,0,0.1478327857004496,0,0,0,0,0.02185453252795504,1,0.1478327857004496,0.02185453252795504,1,0.1478327857004496,0.1478327857004496,0.2956655714008991,0.1478327857004496,-0.1478327857004496,0,0.1478327857004496,-0.1478327857004496,0.1478327857004496,0.1478327857004496,-0.1478327857004496,0.1478327857004496,0.1478327857004496,0.2956655714008991,-0.1478327857004496,0.1478327857004496,0.1478327857004496,-0.1478327857004496,0.1478327857004496,0,-0.1478327857004496,0.2956655714008991,0.2956655714008991
0.31,0,0,0,0,0.1526041871350086,0,0.1526041871350086,0,0,0,0,0.02328803793113672,1,0.1526041871350086,0.02328803793113672,1,0.1526041871350086,0.1526041871350086,0.3052083742700172,0.1526041871350086,-0.1526041871350086,0,0.1526041871350086,-0.1526041871350086,0.1526041871350086,0.1526041871350086,-0.1526041871350086,0.1526041871350086,0.1526041871350086,0.3052083742700172,-0.1526041871350086,0.1526041871350086,0.1526041871350086,-0.1526041871350086,0.1526041871350086,0,-0.1526041871350086,0.3052083742700172,0.3052083742700172
0.32,0,0,0,0,0.1573603127937442,0,0.1573603127937442,0,0,0,0,0.02476226804254501,1,0.1573603127937442,0.02476226804254501,1,0.1573603127937442,0.1573603127937442,0.3147206255874884,0.1573603127937442,-0.1573603127937442,0,0.1573603127937442,-0.1573603127937442,0.1573603127937442,0.1573603127937442,-0.1573603127937442,0.1573603127937442,0.1573603127937442,0.3147206255874884,-0.1573603127937442,0.1573603127937442,0.1573603127937442,-0.1573603127937442,0.1573603127937442,0,-0.1573603127937442,0.3147206255874884,0.3147206255874884
0.33,0,0,0,0,0.1621006865854644,0,0.1621006865854644,0,0,0,0,0.02627663259147896,1,0.1621006865854644,0.02627663259147896,1,0.1621006865854644,0.1621006865854644,0.3242013731709288,0.1621006865854644,-0.1621006865854644,0,0.1621006865854644,-0.1621006865854644,0.1621006865854644,0.1621006865854644,-0.1621006865854644,0.1621006865854644,0.1621006865854644,0.3242013731709288,-0.1621006865854644,0.1621006865854644,0.1621006865854644,-0.1621006865854644,0.1621006865854644,0,-0.1621006865854644,0.3242013731709288,0.3242013731709288
0.34,0,0,0,0,0.1668248339957491,0,0.1668248339957491,0,0,0,0,0.02783052523770925,1,0.1668248339957491,0.02783052523770925,1,0.1668248339957491,0.1668248339957491,0.3336496679914983,0.1668248339957491,-0.1668248339957491,0,0.1668248339957491,-0.1668248339957491,0.1668248339957491,0.1668248339957491,-0.1668248339957491,0.1668248339957491,0.1668248339957491,0.3336496679914983,-0.1668248339957491,0.1668248339957491,0.1668248339957491,-0.1668248339957491,0.1668248339957491,0,-0.1668248339957491,0.3336496679914983,0.3336496679914983
0.35,0,0,0,0,0.1715322821344493,0,0.1715322821344493,0,0,0,0,0.02942332381425233,1,0.1715322821344493,0.02942332381425233,1,0.1715322821344493,0.1715322821344493,0.3430645642688987,0.1715322821344493,-0.1715322821344493,0,0.1715322821344493,-0.1715322821344493,0.1715322821344493,0.1715322821344493,-0.1715322821344493,0.1715322821344493,0.1715322821344493,0.3430645642688987,-0.1715322821344493,0.1715322821344493,0.1715322821344493,-0.1715322821344493,0.1715322821344493,0,-0.1715322821344493,0.3430645642688987,0.3430645642688987
0.36,0,0,0,0,0.1762225597830237,0,0.1762225597830237,0,0,0,0,0.03105439057648135,1,0.1762225597830237,0.03105439057648135,1,0.1762225597830237,0.1762225597830237,0.3524451195660473,0.1762225597830237,-0.1762225597830237,0,0.1762225597830237,-0.1762225597830237,0.1762225597830237,0.1762225597830237,-0.1762225597830237,0.1762225597830237,0.1762225597830237,0.3524451195660473,-0.1762225597830237,0.1762225597830237,0.1762225597830237,-0.1762225597830237,0.1762225597830237,0,-0.1762225597830237,0.3524451195660473,0.3524451195660473
0.37,0,0,0,0,0.1808951974417077,0,0.1808951974417077,0,0,0,0,0.03272307245747443,1,0.1808951974417077,0.03272307245747443,1,0.1808951974417077,0.1808951974417077,0.3617903948834155,0.1808951974417077,-0.1808951974417077,0,0.1808951974417077,-0.1808951974417077,0.1808951974417077,0.1808951974417077,-0.1808951974417077,0.1808951974417077,0.1808951974417077,0.3617903948834155,-0.1808951974417077,0.1808951974417077,0.1808951974417077,-0.1808951974417077,0.1808951974417077,0,-0.1808951974417077,0.3617903948834155,0.3617903948834155
0.38,0,0,0,0,0.1855497273765112,0,0.1855497273765112,0,0,0,0,0.03442870132949764,1,0.1855497273765112,0.03442870132949764,1,0.1855497273765112,0.1855497273765112,0.3710994547530225,0.1855497273765112,-0.1855497273765112,0,0.1855497273765112,-0.1855497273765112,0.1855497273765112,0.1855497273765112,-0.1855497273765112,0.1855497273765112,0.1855497273765112,0.3710994547530225,-0.1855497273765112,0.1855497273765112,0.1855497273765112,-0.1855497273765112,0.1855497273765112,0,-0.1855497273765112,0.3710994547530225,0.3710994547530225
0.39,0,0,0,0,0.1901856836660386,0,0.1901856836660386,0,0,0,0,0.0361705942715185,1,0.1901856836660386,0.0361705942715185,1,0.1901856836660386,0.1901856836660386,0.3803713673320772,0.1901856836660386,-0.1901856836660386,0,0.1901856836660386,-0.1901856836660386,0.1901856836660386,0.1901856836660386,-0.1901856836660386,0.1901856836660386,0.1901856836660386,0.3803713673320772,-0.1901856836660386,0.1901856836660386,0.1901856836660386,-0.1901856836660386,0.1901856836660386,0,-0.1901856836660386,0.3803713673320772,0.3803713673320772
0.4,0,0,0,0,0.1948026022481278,0,0.1948026022481278,0,0,0,0,0.03794805384264229,1,0.1948026022481278,0.03794805384264229,1,0.1948026022481278,0.1948026022481278,0.3896052044962556,0.1948026022481278,-0.1948026022481278,0,0.1948026022481278,-0.1948026022481278,0.1948026022481278,0.1948026022481278,-0.1948026022481278,0.1948026022481278,0.1948026022481278,0.3896052044962556,-0.1948026022481278,0.1948026022481278,0.1948026022481278,-0.1948026022481278,0.1948026022481278,0,-0.1948026022481278,0.3896052044962556,0.3896052044962556
0.41,0,0,0,0,0.1994000209663035,0,0.1994000209663035,0,0,0,0,0.03976036836136228,1,0.1994000209663035,0.03976036836136228,1,0.1994000209663035,0.1994000209663035,0.398800041932607,0.1994000209663035,-0.1994000209663035,0,0.1994000209663035,-0.1994000209663035,0.1994000209663035,0.1994000209663035,-0.1994000209663035,0.1994000209663035,0.1994000209663035,0.398800041932607,-0.1994000209663035,0.1994000209663035,0.1994000209663035,-0.1994000209663035,0.1994000209663035,0,-0.1994000209663035,0.398800041932607,0.398800041932607
0.42,0,0,0,0,0.2039774796160391,0,0.2039774796160391,0,0,0,0,0.04160681219051163,1,0.2039774796160391,0.04160681219051163,1,0.2039774796160391,0.2039774796160391,0.4079549592320781,0.2039774796160391,-0.2039774796160391,0,0.2039774796160391,-0.2039774796160391,0.2039774796160391,0.2039774796160391,-0.2039774796160391,0.2039774796160391,0.2039774796160391,0.4079549592320781,-0.2039774796160391,0.2039774796160391,0.2039774796160391,-0.2039774796160391,0.2039774796160391,0,-0.2039774796160391,0.4079549592320781,0.4079549592320781
0.43,0,0,0,0,0.2085345199908233,0,0.2085345199908233,0,0,0,0,0.04348664602780309,1,0.2085345199908233,0.04348664602780309,1,0.2085345199908233,0.2085345199908233,0.4170690399816466,0.2085345199908233,-0.2085345199908233,0,0.2085345199908233,-0.2085345199908233,0.2085345199908233,0.2085345199908233,-0.2085345199908233,0.2085345199908233,0.2085345199908233,0.4170690399816466,-0.2085345199908233,0.2085345199908233,0.2085345199908233,-0.2085345199908233,0.2085345199908233,0,-0.2085345199908233,0.4170690399816466,0.4170690399816466
0.44,0,0,0,0,0.2130706859280274,0,0.2130706859280274,0,0,0,0,0.04539911720184008,1,0.2130706859280274,0.04539911720184008,1,0.2130706859280274,0.2130706859280274,0.4261413718560547,0.2130706859280274,-0.2130706859280274,0,0.2130706859280274,-0.2130706859280274,0.2130706859280274,0.2130706859280274,-0.2130706859280274,0.2130706859280274,0.2130706859280274,0.4261413718560547,-0.2130706859280274,0.2130706859280274,0.2130706859280274,-0.2130706859280274,0.2130706859280274,0,-0.2130706859280274,0.4261413718560547,0.4261413718560547
0.45,0,0,0,0,0.2175855233545667,0,0.2175855233545667,0,0,0,0,0.0473434599734807,1,0.2175855233545667,0.0473434599734807,1,0.2175855233545667,0.2175855233545667,0.4351710467091334,0.2175855233545667,-0.2175855233545667,0,0.2175855233545667,-0.2175855233545667,0.2175855233545667,0.2175855233545667,-0.2175855233545667,0.2175855233545667,0.2175855233545667,0.4351710467091334,-0.2175855233545667,0.2175855233545667,0.2175855233545667,-0.2175855233545667,0.2175855233545667,0,-0.2175855233545667,0.4351710467091334,0.4351710467091334
0.46,0,0,0,0,0.2220785803323544,0,0.2220785803323544,0,0,0,0,0.04931889584243397,1,0.2220785803323544,0.04931889584243397,1,0.2220785803323544,0.2220785803323544,0.4441571606647087,0.2220785803323544,-0.2220785803323544,0,0.2220785803323544,-0.2220785803323544,0.2220785803323544,0.2220785803323544,-0.2220785803323544,0.2220785803323544,0.2220785803323544,0.4441571606647087,-0.2220785803323544,0.2220785803323544,0.2220785803323544,-0.2220785803323544,0.2220785803323544,0,-0.2220785803323544,0.4441571606647087,0.4441571606647087
0.47,0,0,0,0,0.22654940710354,0,0.22654940710354,0,0,0,0,0.05132463385896551,1,0.22654940710354,0.05132463385896551,1,0.22654940710354,0.22654940710354,0.45309881420708,0.22654940710354,-0.22654940710354,0,0.22654940710354,-0.22654940710354,0.22654940710354,0.22654940710354,-0.22654940710354,0.22654940710354,0.22654940710354,0.45309881420708,-0.22654940710354,0.22654940710354,0.22654940710354,-0.22654940710354,0.22654940710354,0,-0.22654940710354,0.45309881420708,0.45309881420708
0.48,0,0,0,0,0.2309975561355311,0,0.2309975561355311,0,0,0,0,0.05335987094058785,1,0.2309975561355311,0.05335987094058785,1,0.2309975561355311,0.2309975561355311,0.4619951122710622,0.2309975561355311,-0.2309975561355311,0,0.2309975561355311,-0.2309975561355311,0.2309975561355311,0.2309975561355311,-0.2309975561355311,0.2309975561355311,0.2309975561355311,0.4619951122710622,-0.2309975561355311,0.2309975561355311,0.2309975561355311,-0.2309975561355311,0.2309975561355311,0,-0.2309975561355311,0.4619951122710622,0.4619951122710622
0.49,0,0,0,0,0.2354225821657911,0,0.2354225821657911,0,0,0,0,0.05542379219360868,1,0.2354225821657911,0.05542379219360868,1,0.2354225821657911,0.2354225821657911,0.4708451643315823,0.2354225821657911,-0.2354225821657911,0,0.2354225821657911,-0.2354225821657911,0.2354225821657911,0.2354225821657911,-0.2354225821657911,0.2354225821657911,0.2354225821657911,0.4708451643315823,-0.2354225821657911,0.2354225821657911,0.2354225821657911,-0.2354225821657911,0.2354225821657911,0,-0.2354225821657911,0.4708451643315823,0.4708451643315823
0.5,0,0,0,0,0.2398240422464108,0,0.2398240422464108,0,0,0,0,0.05751557123940822,1,0.2398240422464108,0.05751557123940822,1,0.2398240422464108,0.2398240422464108,0.4796480844928215,0.2398240422464108,-0.2398240422464108,0,0.2398240422464108,-0.2398240422464108,0.2398240422464108,0.2398240422464108,-0.2398240422464108,0.2398240422464108,0.2398240422464108,0.4796480844928215,-0.2398240422464108,0.2398240422464108,0.2398240422464108,-0.2398240422464108,0.2398240422464108,0,-0.2398240422464108,0.4796480844928215,0.4796480844928215
0.51,0,0,0,0,0.2442014957884471,0,0.2442014957884471,0,0,0,0,0.05963437054531496,1,0.2442014957884471,0.05963437054531496,1,0.2442014957884471,0.2442014957884471,0.4884029915768943,0.2442014957884471,-0.2442014957884471,0,0.2442014957884471,-0.2442014957884471,0.2442014957884471,0.2442014957884471,-0.2442014957884471,0.2442014957884471,0.2442014957884471,0.4884029915768943,-0.2442014957884471,0.2442014957884471,0.2442014957884471,-0.2442014957884471,0.2442014957884471,0,-0.2442014957884471,0.4884029915768943,0.4884029915768943
0.52,0,0,0,0,0.2485545046060271,0,0.2485545046060271,0,0,0,0,0.06177934175994753,1,0.2485545046060271,0.06177934175994753,1,0.2485545046060271,0.2485545046060271,0.4971090092120541,0.2485545046060271,-0.2485545046060271,0,0.2485545046060271,-0.2485545046060271,0.2485545046060271,0.2485545046060271,-0.2485545046060271,0.2485545046060271,0.2485545046060271,0.4971090092120541,-0.2485545046060271,0.2485545046060271,0.2485545046060271,-0.2485545046060271,0.2485545046060271,0,-0.2485545046060271,0.4971090092120541,0.4971090092120541
0.53,0,0,0,0,0.2528826329602098,0,0.2528826329602098,0,0,0,0,0.06394962605288819,1,0.2528826329602098,0.06394962605288819,1,0.2528826329602098,0.2528826329602098,0.5057652659204196,0.2528826329602098,-0.2528826329602098,0,0.2528826329602098,-0.2528826329602098,0.2528826329602098,0.2528826329602098,-0.2528826329602098,0.2528826329602098,0.2528826329602098,0.5057652659204196,-0.2528826329602098,0.2528826329602098,0.2528826329602098,-0.2528826329602098,0.2528826329602098,0,-0.2528826329602098,0.5057652659204196,0.5057652659204196
0.54,0,0,0,0,0.2571854476026048,0,0.2571854476026048,0,0,0,0,0.06614435445855218,1,0.2571854476026048,0.06614435445855218,1,0.2571854476026048,0.2571854476026048,0.5143708952052096,0.2571854476026048,-0.2571854476026048,0,0.2571854476026048,-0.2571854476026048,0.2571854476026048,0.2571854476026048,-0.2571854476026048,0.2571854476026048,0.2571854476026048,0.5143708952052096,-0.2571854476026048,0.2571854476026048,0.2571854476026048,-0.2571854476026048,0.2571854476026048,0,-0.2571854476026048,0.5143708952052096,0.5143708952052096
0.55,0,0,0,0,0.2614625178187401,0,0.2614625178187401,0,0,0,0,0.068362648224115,1,0.2614625178187401,0.068362648224115,1,0.2614625178187401,0.2614625178187401,0.5229250356374803,0.2614625178187401,-0.2614625178187401,0,0.2614625178187401,-0.2614625178187401,0.2614625178187401,0.2614625178187401,-0.2614625178187401,0.2614625178187401,0.2614625178187401,0.5229250356374803,-0.2614625178187401,0.2614625178187401,0.2614625178187401,-0.2614625178187401,0.2614625178187401,0,-0.2614625178187401,0.5229250356374803,0.5229250356374803
0.5600000000000001,0,0,0,0,0.265713415471177,0,0.265713415471177,0,0,0,0,0.07060361916135832,1,0.265713415471177,0.07060361916135832,1,0.265713415471177,0.265713415471177,0.531426830942354,0.265713415471177,-0.265713415471177,0,0.265713415471177,-0.265713415471177,0.265713415471177,0.265713415471177,-0.265713415471177,0.265713415471177,0.265713415471177,0.531426830942354,-0.265713415471177,0.265713415471177,0.265713415471177,-0.265713415471177,0.265713415471177,0,-0.265713415471177,0.531426830942354,0.531426830942354
0.57,0,0,0,0,0.269937715042367,0,0.269937715042367,0,0,0,0,0.07286637000229414,1,0.269937715042367,0.07286637000229414,1,0.269937715042367,0.269937715042367,0.539875430084734,0.269937715042367,-0.269937715042367,0,0.269937715042367,-0.269937715042367,0.269937715042367,0.269937715042367,-0.269937715042367,0.269937715042367,0.269937715042367,0.539875430084734,-0.269937715042367,0.269937715042367,0.269937715042367,-0.269937715042367,0.269937715042367,0,-0.269937715042367,0.539875430084734,0.539875430084734
0.58,0,0,0,0,0.2741349936772467,0,0.2741349936772467,0,0,0,0,0.07514999475842409,1,0.2741349936772467,0.07514999475842409,1,0.2741349936772467,0.2741349936772467,0.5482699873544934,0.2741349936772467,-0.2741349936772467,0,0.2741349936772467,-0.2741349936772467,0.2741349936772467,0.2741349936772467,-0.2741349936772467,0.2741349936772467,0.2741349936772467,0.5482699873544934,-0.2741349936772467,0.2741349936772467,0.2741349936772467,-0.2741349936772467,0.2741349936772467,0,-0.2741349936772467,0.5482699873544934,0.5482699873544934
0.59,0,0,0,0,0.2783048312255652,0,0.2783048312255652,0,0,0,0,0.07745357908349033,1,0.2783048312255652,0.07745357908349033,1,0.2783048312255652,0.2783048312255652,0.5566096624511304,0.2783048312255652,-0.2783048312255652,0,0.2783048312255652,-0.2783048312255652,0.2783048312255652,0.2783048312255652,-0.2783048312255652,0.2783048312255652,0.2783048312255652,0.5566096624511304,-0.2783048312255652,0.2783048312255652,0.2783048312255652,-0.2783048312255652,0.2783048312255652,0,-0.2783048312255652,0.5566096624511304,0.5566096624511304
0.6,0,0,0,0,0.2824468102839419,0,0.2824468102839419,0,0,0,0,0.07977620063957305,1,0.2824468102839419,0.07977620063957305,1,0.2824468102839419,0.2824468102839419,0.5648936205678837,0.2824468102839419,-0.2824468102839419,0,0.2824468102839419,-0.2824468102839419,0.2824468102839419,0.2824468102839419,-0.2824468102839419,0.2824468102839419,0.2824468102839419,0.5648936205678837,-0.2824468102839419,0.2824468102839419,0.2824468102839419,-0.2824468102839419,0.2824468102839419,0,-0.2824468102839419,0.5648936205678837,0.5648936205678837
0.61,0,0,0,0,0.2865605162376486,0,0.2865605162376486,0,0,0,0,0.08211692946638764,1,0.2865605162376486,0.08211692946638764,1,0.2865605162376486,0.2865605162376486,0.5731210324752971,0.2865605162376486,-0.2865605162376486,0,0.2865605162376486,-0.2865605162376486,0.2865605162376486,0.2865605162376486,-0.2865605162376486,0.2865605162376486,0.2865605162376486,0.5731210324752971,-0.2865605162376486,0.2865605162376486,0.2865605162376486,-0.2865605162376486,0.2865605162376486,0,-0.2865605162376486,0.5731210324752971,0.5731210324752971
0.62,0,0,0,0,0.2906455373021128,0,0.2906455373021128,0,0,0,0,0.08447482835363387,1,0.2906455373021128,0.08447482835363387,1,0.2906455373021128,0.2906455373021128,0.5812910746042257,0.2906455373021128,-0.2906455373021128,0,0.2906455373021128,-0.2906455373021128,0.2906455373021128,0.2906455373021128,-0.2906455373021128,0.2906455373021128,0.2906455373021128,0.5812910746042257,-0.2906455373021128,0.2906455373021128,0.2906455373021128,-0.2906455373021128,0.2906455373021128,0,-0.2906455373021128,0.5812910746042257,0.5812910746042257
0.63,0,0,0,0,0.2947014645641379,0,0.2947014645641379,0,0,0,0,0.0868489532162478,1,0.2947014645641379,0.0868489532162478,1,0.2947014645641379,0.2947014645641379,0.5894029291282757,0.2947014645641379,-0.2947014645641379,0,0.2947014645641379,-0.2947014645641379,0.2947014645641379,0.2947014645641379,-0.2947014645641379,0.2947014645641379,0.2947014645641379,0.5894029291282757,-0.2947014645641379,0.2947014645641379,0.2947014645641379,-0.2947014645641379,0.2947014645641379,0,-0.2947014645641379,0.5894029291282757,0.5894029291282757
0.64,0,0,0,0,0.2987278920228349,0,0.2987278920228349,0,0,0,0,0.08923835347240651,1,0.2987278920228349,0.08923835347240651,1,0.2987278920228349,0.2987278920228349,0.5974557840456698,0.2987278920228349,-0.2987278920228349,0,0.2987278920228349,-0.2987278920228349,0.2987278920228349,0.2987278920228349,-0.2987278920228349,0.2987278920228349,0.2987278920228349,0.5974557840456698,-0.2987278920228349,0.2987278920228349,0.2987278920228349,-0.2987278920228349,0.2987278920228349,0,-0.2987278920228349,0.5974557840456698,0.5974557840456698
0.65,0,0,0,0,0.3027244166302641,0,0.3027244166302641,0,0,0,0,0.09164207242413369,1,0.3027244166302641,0.09164207242413369,1,0.3027244166302641,0.3027244166302641,0.6054488332605281,0.3027244166302641,-0.3027244166302641,0,0.3027244166302641,-0.3027244166302641,0.3027244166302641,0.3027244166302641,-0.3027244166302641,0.3027244166302641,0.3027244166302641,0.6054488332605281,-0.3027244166302641,0.3027244166302641,0.3027244166302641,-0.3027244166302641,0.3027244166302641,0,-0.3027244166302641,0.6054488332605281,0.6054488332605281
0.66,0,0,0,0,0.30669063833178,0,0.30669063833178,0,0,0,0,0.09405914764035465,1,0.30669063833178,0.09405914764035465,1,0.30669063833178,0.30669063833178,0.6133812766635599,0.30669063833178,-0.30669063833178,0,0.30669063833178,-0.30669063833178,0.30669063833178,0.30669063833178,-0.30669063833178,0.30669063833178,0.30669063833178,0.6133812766635599,-0.30669063833178,0.30669063833178,0.30669063833178,-0.30669063833178,0.30669063833178,0,-0.30669063833178,0.6133812766635599,0.6133812766635599
0.67,0,0,0,0,0.3106261601060772,0,0.3106261601060772,0,0,0,0,0.0964886113422463,1,0.3106261601060772,0.0964886113422463,1,0.3106261601060772,0.3106261601060772,0.6212523202121544,0.3106261601060772,-0.3106261601060772,0,0.3106261601060772,-0.3106261601060772,0.3106261601060772,0.3106261601060772,-0.3106261601060772,0.3106261601060772,0.3106261601060772,0.6212523202121544,-0.3106261601060772,0.3106261601060772,0.3106261601060772,-0.3106261601060772,0.3106261601060772,0,-0.3106261601060772,0.6212523202121544,0.6212523202121544
0.68,0,0,0,0,0.3145305880049326,0,0.3145305880049326,0,0,0,0,0.09892949079072866,1,0.3145305880049326,0.09892949079072866,1,0.3145305880049326,0.3145305880049326,0.6290611760098652,0.3145305880049326,-0.3145305880049326,0,0.3145305880049326,-0.3145305880049326,0.3145305880049326,0.3145305880049326,-0.3145305880049326,0.3145305880049326,0.3145305880049326,0.6290611760098652,-0.3145305880049326,0.3145305880049326,0.3145305880049326,-0.3145305880049326,0.3145305880049326,0,-0.3145305880049326,0.6290611760098652,0.6290611760098652
0.6899999999999999,0,0,0,0,0.3184035311926396,0,0.3184035311926396,0,0,0,0,0.1013808086759422,1,0.3184035311926396,0.1013808086759422,1,0.3184035311926396,0.3184035311926396,0.6368070623852793,0.3184035311926396,-0.3184035311926396,0,0.3184035311926396,-0.3184035311926396,0.3184035311926396,0.3184035311926396,-0.3184035311926396,0.3184035311926396,0.3184035311926396,0.6368070623852793,-0.3184035311926396,0.3184035311926396,0.3184035311926396,-0.3184035311926396,0.3184035311926396,0,-0.3184035311926396,0.6368070623852793,0.6368070623852793
0.7,0,0,0,0,0.3222446019851314,0,0.3222446019851314,0,0,0,0,0.1038415835085557,1,0.3222446019851314,0.1038415835085557,1,0.3222446019851314,0.3222446019851314,0.6444892039702628,0.3222446019851314,-0.3222446019851314,0,0.3222446019851314,-0.3222446019851314,0.3222446019851314,0.3222446019851314,-0.3222446019851314,0.3222446019851314,0.3222446019851314,0.6444892039702628,-0.3222446019851314,0.3222446019851314,0.3222446019851314,-0.3222446019851314,0.3222446019851314,0,-0.3222446019851314,0.6444892039702628,0.6444892039702628
0.71,0,0,0,0,0.3260534158887876,0,0.3260534158887876,0,0,0,0,0.1063108300127467,1,0.3260534158887876,0.1063108300127467,1,0.3260534158887876,0.3260534158887876,0.6521068317775752,0.3260534158887876,-0.3260534158887876,0,0.3260534158887876,-0.3260534158887876,0.3260534158887876,0.3260534158887876,-0.3260534158887876,0.3260534158887876,0.3260534158887876,0.6521068317775752,-0.3260534158887876,0.3260534158887876,0.3260534158887876,-0.3260534158887876,0.3260534158887876,0,-0.3260534158887876,0.6521068317775752,0.6521068317775752
0.72,0,0,0,0,0.3298295916389234,0,0.3298295916389234,0,0,0,0,0.108787559520699,1,0.3298295916389234,0.108787559520699,1,0.3298295916389234,0.3298295916389234,0.6596591832778468,0.3298295916389234,-0.3298295916389234,0,0.3298295916389234,-0.3298295916389234,0.3298295916389234,0.3298295916389234,-0.3298295916389234,0.3298295916389234,0.3298295916389234,0.6596591832778468,-0.3298295916389234,0.3298295916389234,0.3298295916389234,-0.3298295916389234,0.3298295916389234,0,-0.3298295916389234,0.6596591832778468,0.6596591832778468
0.73,0,0,0,0,0.3335727512379534,0,0.3335727512379534,0,0,0,0,0.1112707803684576,1,0.3335727512379534,0.1112707803684576,1,0.3335727512379534,0.3335727512379534,0.6671455024759069,0.3335727512379534,-0.3335727512379534,0,0.3335727512379534,-0.3335727512379534,0.3335727512379534,0.3335727512379534,-0.3335727512379534,0.3335727512379534,0.3335727512379534,0.6671455024759069,-0.3335727512379534,0.3335727512379534,0.3335727512379534,-0.3335727512379534,0.3335727512379534,0,-0.3335727512379534,0.6671455024759069,0.6671455024759069
0.74,0,0,0,0,0.3372825199932302,0,0.3372825199932302,0,0,0,0,0.1137594982929837,1,0.3372825199932302,0.1137594982929837,1,0.3372825199932302,0.3372825199932302,0.6745650399864604,0.3372825199932302,-0.3372825199932302,0,0.3372825199932302,-0.3372825199932302,0.3372825199932302,0.3372825199932302,-0.3372825199932302,0.3372825199932302,0.3372825199932302,0.6745650399864604,-0.3372825199932302,0.3372825199932302,0.3372825199932302,-0.3372825199932302,0.3372825199932302,0,-0.3372825199932302,0.6745650399864604,0.6745650399864604
0.75,0,0,0,0,0.3409585265545508,0,0.3409585265545508,0,0,0,0,0.1162527168302503,1,0.3409585265545508,0.1162527168302503,1,0.3409585265545508,0.3409585265545508,0.6819170531091017,0.3409585265545508,-0.3409585265545508,0,0.3409585265545508,-0.3409585265545508,0.3409585265545508,0.3409585265545508,-0.3409585265545508,0.3409585265545508,0.3409585265545508,0.6819170531091017,-0.3409585265545508,0.3409585265545508,0.3409585265545508,-0.3409585265545508,0.3409585265545508,0,-0.3409585265545508,0.6819170531091017,0.6819170531091017
0.76,0,0,0,0,0.3446004029513293,0,0.3446004029513293,0,0,0,0,0.1187494377142185,1,0.3446004029513293,0.1187494377142185,1,0.3446004029513293,0.3446004029513293,0.6892008059026586,0.3446004029513293,-0.3446004029513293,0,0.3446004029513293,-0.3446004029513293,0.3446004029513293,0.3446004029513293,-0.3446004029513293,0.3446004029513293,0.3446004029513293,0.6892008059026586,-0.3446004029513293,0.3446004029513293,0.3446004029513293,-0.3446004029513293,0.3446004029513293,0,-0.3446004029513293,0.6892008059026586,0.6892008059026586
0.77,0,0,0,0,0.3482077846294308,0,0.3482077846294308,0,0,0,0,0.1212486612765361,1,0.3482077846294308,0.1212486612765361,1,0.3482077846294308,0.3482077846294308,0.6964155692588616,0.3482077846294308,-0.3482077846294308,0,0.3482077846294308,-0.3482077846294308,0.3482077846294308,0.3482077846294308,-0.3482077846294308,0.3482077846294308,0.3482077846294308,0.6964155692588616,-0.3482077846294308,0.3482077846294308,0.3482077846294308,-0.3482077846294308,0.3482077846294308,0,-0.3482077846294308,0.6964155692588616,0.6964155692588616
0.78,0,0,0,0,0.3517803104876637,0,0.3517803104876637,0,0,0,0,0.1237493868467971,1,0.3517803104876637,0.1237493868467971,1,0.3517803104876637,0.3517803104876637,0.7035606209753273,0.3517803104876637,-0.3517803104876637,0,0.3517803104876637,-0.3517803104876637,0.3517803104876637,0.3517803104876637,-0.3517803104876637,0.3517803104876637,0.3517803104876637,0.7035606209753273,-0.3517803104876637,0.3517803104876637,0.3517803104876637,-0.3517803104876637,0.3517803104876637,0,-0.3517803104876637,0.7035606209753273,0.7035606209753273
0.79,0,0,0,0,0.355317622913926,0,0.355317622913926,0,0,0,0,0.1262506131532029,1,0.355317622913926,0.1262506131532029,1,0.355317622913926,0.355317622913926,0.710635245827852,0.355317622913926,-0.355317622913926,0,0.355317622913926,-0.355317622913926,0.355317622913926,0.355317622913926,-0.355317622913926,0.355317622913926,0.355317622913926,0.710635245827852,-0.355317622913926,0.355317622913926,0.355317622913926,-0.355317622913926,0.355317622913926,0,-0.355317622913926,0.710635245827852,0.710635245827852
0.8,0,0,0,0,0.3588193678210025,0,0.3588193678210025,0,0,0,0,0.1287513387234639,1,0.3588193678210025,0.1287513387234639,1,0.3588193678210025,0.3588193678210025,0.7176387356420051,0.3588193678210025,-0.3588193678210025,0,0.3588193678210025,-0.3588193678210025,0.3588193678210025,0.3588193678210025,-0.3588193678210025,0.3588193678210025,0.3588193678210025,0.7176387356420051,-0.3588193678210025,0.3588193678210025,0.3588193678210025,-0.3588193678210025,0.3588193678210025,0,-0.3588193678210025,0.7176387356420051,0.7176387356420051
0.8100000000000001,0,0,0,0,0.3622851946820094,0,0.3622851946820094,0,0,0,0,0.1312505622857815,1,0.3622851946820094,0.1312505622857815,1,0.3622851946820094,0.3622851946820094,0.7245703893640189,0.3622851946820094,-0.3622851946820094,0,0.3622851946820094,-0.3622851946820094,0.3622851946820094,0.3622851946820094,-0.3622851946820094,0.3622851946820094,0.3622851946820094,0.7245703893640189,-0.3622851946820094,0.3622851946820094,0.3622851946820094,-0.3622851946820094,0.3622851946820094,0,-0.3622851946820094,0.7245703893640189,0.7245703893640189
0.82,0,0,0,0,0.3657147565654819,0,0.3657147565654819,0,0,0,0,0.1337472831697497,1,0.3657147565654819,0.1337472831697497,1,0.3657147565654819,0.3657147565654819,0.7314295131309637,0.3657147565654819,-0.3657147565654819,0,0.3657147565654819,-0.3657147565654819,0.3657147565654819,0.3657147565654819,-0.3657147565654819,0.3657147565654819,0.3657147565654819,0.7314295131309637,-0.3657147565654819,0.3657147565654819,0.3657147565654819,-0.3657147565654819,0.3657147565654819,0,-0.3657147565654819,0.7314295131309637,0.7314295131309637
0.83,0,0,0,0,0.3691077101701023,0,0.3691077101701023,0,0,0,0,0.1362405017070162,1,0.3691077101701023,0.1362405017070162,1,0.3691077101701023,0.3691077101701023,0.7382154203402046,0.3691077101701023,-0.3691077101701023,0,0.3691077101701023,-0.3691077101701023,0.3691077101701023,0.3691077101701023,-0.3691077101701023,0.3691077101701023,0.3691077101701023,0.7382154203402046,-0.3691077101701023,0.3691077101701023,0.3691077101701023,-0.3691077101701023,0.3691077101701023,0,-0.3691077101701023,0.7382154203402046,0.7382154203402046
0.84,0,0,0,0,0.3724637158590651,0,0.3724637158590651,0,0,0,0,0.1387292196315424,1,0.3724637158590651,0.1387292196315424,1,0.3724637158590651,0.3724637158590651,0.7449274317181303,0.3724637158590651,-0.3724637158590651,0,0.3724637158590651,-0.3724637158590651,0.3724637158590651,0.3724637158590651,-0.3724637158590651,0.3724637158590651,0.3724637158590651,0.7449274317181303,-0.3724637158590651,0.3724637158590651,0.3724637158590651,-0.3724637158590651,0.3724637158590651,0,-0.3724637158590651,0.7449274317181303,0.7449274317181303
0.85,0,0,0,0,0.3757824376940745,0,0.3757824376940745,0,0,0,0,0.141212440479301,1,0.3757824376940745,0.141212440479301,1,0.3757824376940745,0.3757824376940745,0.7515648753881491,0.3757824376940745,-0.3757824376940745,0,0.3757824376940745,-0.3757824376940745,0.3757824376940745,0.3757824376940745,-0.3757824376940745,0.3757824376940745,0.3757824376940745,0.7515648753881491,-0.3757824376940745,0.3757824376940745,0.3757824376940745,-0.3757824376940745,0.3757824376940745,0,-0.3757824376940745,0.7515648753881491,0.7515648753881491
0.86,0,0,0,0,0.3790635434689721,0,0.3790635434689721,0,0,0,0,0.1436891699872533,1,0.3790635434689721,0.1436891699872533,1,0.3790635434689721,0.3790635434689721,0.7581270869379442,0.3790635434689721,-0.3790635434689721,0,0.3790635434689721,-0.3790635434689721,0.3790635434689721,0.3790635434689721,-0.3790635434689721,0.3790635434689721,0.3790635434689721,0.7581270869379442,-0.3790635434689721,0.3790635434689721,0.3790635434689721,-0.3790635434689721,0.3790635434689721,0,-0.3790635434689721,0.7581270869379442,0.7581270869379442
0.87,0,0,0,0,0.3823067047429907,0,0.3823067047429907,0,0,0,0,0.1461584164914442,1,0.3823067047429907,0.1461584164914442,1,0.3823067047429907,0.3823067047429907,0.7646134094859813,0.3823067047429907,-0.3823067047429907,0,0.3823067047429907,-0.3823067047429907,0.3823067047429907,0.3823067047429907,-0.3823067047429907,0.3823067047429907,0.3823067047429907,0.7646134094859813,-0.3823067047429907,0.3823067047429907,0.3823067047429907,-0.3823067047429907,0.3823067047429907,0,-0.3823067047429907,0.7646134094859813,0.7646134094859813
0.88,0,0,0,0,0.385511596873632,0,0.385511596873632,0,0,0,0,0.1486191913240577,1,0.385511596873632,0.1486191913240577,1,0.385511596873632,0.385511596873632,0.7710231937472639,0.385511596873632,-0.385511596873632,0,0.385511596873632,-0.385511596873632,0.385511596873632,0.385511596873632,-0.385511596873632,0.385511596873632,0.385511596873632,0.7710231937472639,-0.385511596873632,0.385511596873632,0.385511596873632,-0.385511596873632,0.385511596873632,0,-0.385511596873632,0.7710231937472639,0.7710231937472639
0.89,0,0,0,0,0.3886778990491629,0,0.3886778990491629,0,0,0,0,0.1510705092092713,1,0.3886778990491629,0.1510705092092713,1,0.3886778990491629,0.3886778990491629,0.7773557980983259,0.3886778990491629,-0.3886778990491629,0,0.3886778990491629,-0.3886778990491629,0.3886778990491629,0.3886778990491629,-0.3886778990491629,0.3886778990491629,0.3886778990491629,0.7773557980983259,-0.3886778990491629,0.3886778990491629,0.3886778990491629,-0.3886778990491629,0.3886778990491629,0,-0.3886778990491629,0.7773557980983259,0.7773557980983259
0.9,0,0,0,0,0.3918052943207297,0,0.3918052943207297,0,0,0,0,0.1535113886577537,1,0.3918052943207297,0.1535113886577537,1,0.3918052943207297,0.3918052943207297,0.7836105886414595,0.3918052943207297,-0.3918052943207297,0,0.3918052943207297,-0.3918052943207297,0.3918052943207297,0.3918052943207297,-0.3918052943207297,0.3918052943207297,0.3918052943207297,0.7836105886414595,-0.3918052943207297,0.3918052943207297,0.3918052943207297,-0.3918052943207297,0.3918052943207297,0,-0.3918052943207297,0.7836105886414595,0.7836105886414595
0.91,0,0,0,0,0.3948934696340841,0,0.3948934696340841,0,0,0,0,0.1559408523596453,1,0.3948934696340841,0.1559408523596453,1,0.3948934696340841,0.3948934696340841,0.7897869392681682,0.3948934696340841,-0.3948934696340841,0,0.3948934696340841,-0.3948934696340841,0.3948934696340841,0.3948934696340841,-0.3948934696340841,0.3948934696340841,0.3948934696340841,0.7897869392681682,-0.3948934696340841,0.3948934696340841,0.3948934696340841,-0.3948934696340841,0.3948934696340841,0,-0.3948934696340841,0.7897869392681682,0.7897869392681682
0.92,0,0,0,0,0.3979421158609205,0,0.3979421158609205,0,0,0,0,0.1583579275758663,1,0.3979421158609205,0.1583579275758663,1,0.3979421158609205,0.3979421158609205,0.795884231721841,0.3979421158609205,-0.3979421158609205,0,0.3979421158609205,-0.3979421158609205,0.3979421158609205,0.3979421158609205,-0.3979421158609205,0.3979421158609205,0.3979421158609205,0.795884231721841,-0.3979421158609205,0.3979421158609205,0.3979421158609205,-0.3979421158609205,0.3979421158609205,0,-0.3979421158609205,0.795884231721841,0.795884231721841
0.93,0,0,0,0,0.4009509278298199,0,0.4009509278298199,0,0,0,0,0.1607616465275934,1,0.4009509278298199,0.1607616465275934,1,0.4009509278298199,0.4009509278298199,0.8019018556596398,0.4009509278298199,-0.4009509278298199,0,0.4009509278298199,-0.4009509278298199,0.4009509278298199,0.4009509278298199,-0.4009509278298199,0.4009509278298199,0.4009509278298199,0.8019018556596398,-0.4009509278298199,0.4009509278298199,0.4009509278298199,-0.4009509278298199,0.4009509278298199,0,-0.4009509278298199,0.8019018556596398,0.8019018556596398
0.9399999999999999,0,0,0,0,0.4039196043567979,0,0.4039196043567979,0,0,0,0,0.1631510467837522,1,0.4039196043567979,0.1631510467837522,1,0.4039196043567979,0.4039196043567979,0.8078392087135958,0.4039196043567979,-0.4039196043567979,0,0.4039196043567979,-0.4039196043567979,0.4039196043567979,0.4039196043567979,-0.4039196043567979,0.4039196043567979,0.4039196043567979,0.8078392087135958,-0.4039196043567979,0.4039196043567979,0.4039196043567979,-0.4039196043567979,0.4039196043567979,0,-0.4039196043567979,0.8078392087135958,0.8078392087135958
0.95,0,0,0,0,0.4068478482754531,0,0.4068478482754531,0,0,0,0,0.1655251716463661,1,0.4068478482754531,0.1655251716463661,1,0.4068478482754531,0.4068478482754531,0.8136956965509061,0.4068478482754531,-0.4068478482754531,0,0.4068478482754531,-0.4068478482754531,0.4068478482754531,0.4068478482754531,-0.4068478482754531,0.4068478482754531,0.4068478482754531,0.8136956965509061,-0.4068478482754531,0.4068478482754531,0.4068478482754531,-0.4068478482754531,0.4068478482754531,0,-0.4068478482754531,0.8136956965509061,0.8136956965509061
0.96,0,0,0,0,0.4097353664667139,0,0.4097353664667139,0,0,0,0,0.1678830705336123,1,0.4097353664667139,0.1678830705336123,1,0.4097353664667139,0.4097353664667139,0.8194707329334278,0.4097353664667139,-0.4097353664667139,0,0.4097353664667139,-0.4097353664667139,0.4097353664667139,0.4097353664667139,-0.4097353664667139,0.4097353664667139,0.4097353664667139,0.8194707329334278,-0.4097353664667139,0.4097353664667139,0.4097353664667139,-0.4097353664667139,0.4097353664667139,0,-0.4097353664667139,0.8194707329334278,0.8194707329334278
0.97,0,0,0,0,0.4125818698881798,0,0.4125818698881798,0,0,0,0,0.1702237993604269,1,0.4125818698881798,0.1702237993604269,1,0.4125818698881798,0.4125818698881798,0.8251637397763596,0.4125818698881798,-0.4125818698881798,0,0.4125818698881798,-0.4125818698881798,0.4125818698881798,0.4125818698881798,-0.4125818698881798,0.4125818698881798,0.4125818698881798,0.8251637397763596,-0.4125818698881798,0.4125818698881798,0.4125818698881798,-0.4125818698881798,0.4125818698881798,0,-0.4125818698881798,0.8251637397763596,0.8251637397763596
0.98,0,0,0,0,0.4153870736030548,0,0.4153870736030548,0,0,0,0,0.1725464209165097,1,0.4153870736030548,0.1725464209165097,1,0.4153870736030548,0.4153870736030548,0.8307741472061095,0.4153870736030548,-0.4153870736030548,0,0.4153870736030548,-0.4153870736030548,0.4153870736030548,0.4153870736030548,-0.4153870736030548,0.4153870736030548,0.4153870736030548,0.8307741472061095,-0.4153870736030548,0.4153870736030548,0.4153870736030548,-0.4153870736030548,0.4153870736030548,0,-0.4153870736030548,0.8307741472061095,0.8307741472061095
0.99,0,0,0,0,0.4181506968086695,0,0.4181506968086695,0,0,0,0,0.1748500052415758,1,0.4181506968086695,0.1748500052415758,1,0.4181506968086695,0.4181506968086695,0.836301393617339,0.4181506968086695,-0.4181506968086695,0,0.4181506968086695,-0.4181506968086695,0.4181506968086695,0.4181506968086695,-0.4181506968086695,0.4181506968086695,0.4181506968086695,0.836301393617339,-0.4181506968086695,0.4181506968086695,0.4181506968086695,-0.4181506968086695,0.4181506968086695,0,-0.4181506968086695,0.836301393617339,0.836301393617339
1,0,0,0,0,0.4208724628645901,0,0.4208724628645901,0,0,0,0,0.1771336299977058,1,0.4208724628645901,0.1771336299977058,1,0.4208724628645901,0.4208724628645901,0.8417449257291802,0.4208724628645901,-0.4208724628645901,0,0.4208724628645901,-0.4208724628645901,0.4208724628645901,0.4208724628645901,-0.4208724628645901,0.4208724628645901,0.4208724628645901,0.8417449257291802,-0.4208724628645901,0.4208724628645901,0.4208724628645901,-0.4208724628645901,0.4208724628645901,0,-0.4208724628645901,0.8417449257291802,0.8417449257291802
1,0,0,0,0,0.4208724628645901,0,0.4208724628645901,0,0,0,0,0.1771336299977058,1,0.4208724628645901,0.1771336299977058,1,0.4208724628645901,0.4208724628645901,0.8417449257291802,0.4208724628645901,-0.4208724628645901,0,0.4208724628645901,-0.4208724628645901,0.4208724628645901,0.4208724628645901,-0.4208724628645901,0.4208724628645901,0.4208724628645901,0.8417449257291802,-0.4208724628645901,0.4208724628645901,0.4208724628645901,-0.4208724628645901,0.4208724628645901,0,-0.4208724628645901,0.8417449257291802,0.8417449257291802
