date_format,epoch_format,zigduino-35:temperature,zigduino-37:temperature,zigduino-35:light,zigduino-37:light,zigduino-35:sound,zigduino-37:sound,zigduino-35:pir,zigduino-37:pir,zigduino-35:humidity,zigduino-37:humidity
2018-04-13T00:00:00,1523577600000,22.16676830198462,22.21499341593082,123.33857480936103,310.47983171180647,49.2508019984223,4.731422561135945,0.001630291874835656,0.00026295030239284776,37.34167264927822,37.853899748463895
2018-04-14T00:00:00,1523664000000,22.14979913176407,22.153207161069407,435.47455517573843,587.5664300113945,49.060057849066524,4.603979314576212,0.0,0.0,36.02988522576663,35.16046460533092
2018-04-15T00:00:00,1523750400000,22.5272350927513,22.548657175016874,423.4863263445761,568.2343629478999,48.6838756047963,4.751823154056518,0.0,0.0,35.99650086407641,37.21151393456777
2018-04-16T00:00:00,1523836800000,22.91850948199462,22.636826614393907,391.2974030037547,537.1375911766431,49.37852002503129,4.87656686939007,0.023114831038798498,0.004380389932925279,37.43423033946745,39.4192052567749
2018-04-17T00:00:00,1523923200000,23.530744566053755,24.036976718641785,438.66462730523807,600.9165556412594,48.905914732487204,5.227228104620995,0.00832690554659561,0.011096697286305308,35.93850357928221,34.34409759853976
2018-04-18T00:00:00,1524009600000,24.23973136741224,24.88895758528603,361.40085549497746,602.3725895799734,48.42327717686658,5.518003646308113,0.00601300773100994,0.015409157843068509,35.302804926469385,32.49707948993511
2018-04-19T00:00:00,1524096000000,25.022157883090323,24.81797537116961,290.6713647120694,593.9350863353493,48.58311859058638,5.394022263125603,0.014672626873520904,0.006468577438864055,33.87804535377536,32.64681210560932
2018-04-20T00:00:00,1524182400000,25.474976034312384,23.500182353215585,279.784836532562,588.1010623378445,48.56201244631431,5.058796718322698,0.013427995442194758,0.007450389173269757,34.00265589301201,37.583461858908414
2018-04-21T00:00:00,1524268800000,25.948339978204636,25.1325608495492,300.7692658298857,589.447163593016,47.080061005539584,5.3812846223967465,0.0,7.01213098660683e-05,34.2033221907723,35.887044989739216
2018-04-22T00:00:00,1524355200000,26.42282200397927,25.93835642073484,290.7306734915682,594.3189993689082,46.93231777863478,5.57348713273964,0.0001227079900431231,5.2590982399551224e-05,34.67528310614666,34.74059669895064
2018-04-23T00:00:00,1524441600000,25.723345599226242,24.623778197284032,262.6684431043248,605.5742234064933,48.28036744210508,5.589615034008835,0.015111407184054135,0.04354533342682841,40.95560191343583,43.598502901340886
2018-04-24T00:00:00,1524528000000,25.035587151965114,24.381676982128443,380.54509755798256,602.7314657363743,47.67901407709973,5.327016461266062,0.009080868818259908,0.029696895324579704,38.510106366214394,40.77772212278863
2018-04-25T00:00:00,1524614400000,25.038868844813194,24.33852473573208,374.69552793506654,605.8011710258747,48.43561874375471,5.317158684524227,0.019055800010518383,0.002068578641049015,36.179482065013595,36.84592254826718
2018-04-26T00:00:00,1524700800000,24.10257334388512,23.382133225389556,319.7259308603885,612.2958593366524,48.13123203141435,5.052012481593156,0.0,0.0017530327466517075,31.958972021369995,30.855257282233005
2018-04-27T00:00:00,1524787200000,23.613636431584112,23.022382336346606,390.25900604785693,612.6230169164695,49.65746340608292,4.9808572179858,0.004487685160837935,0.015741958103251817,30.56585856426064,30.986643782354946
2018-04-28T00:00:00,1524873600000,23.39285644108346,22.592751348667512,328.83693289390646,574.6647033044088,49.19292125376902,4.986607064598124,0.0,0.0002278902620738014,31.775713635982232,33.23069159619511
2018-04-29T00:00:00,1524960000000,23.253765351524375,22.451419874759303,395.6465184769651,587.0614963887525,49.406545824275995,4.888086389453755,0.0,0.0,33.98345848929037,39.53156338650184
2018-04-30T00:00:00,1525046400000,23.045669222408847,23.817861655711226,365.9932158821983,618.3509922165346,50.42129897449382,5.172410770633196,1.7530020159523183e-05,0.0031905195989061076,32.04226139044195,29.84671650089344
2018-05-01T00:00:00,1525132800000,22.17901277665829,23.50865475705626,369.3551118434892,625.4436925881776,50.49325082392539,4.996371222214431,0.0,0.00010518196479910245,29.008982505447925,25.411701560430043
2018-05-02T00:00:00,1525219200000,21.972581241730374,21.143995765315292,291.0433692698747,609.1546700792371,51.727495836620214,4.56719374517916,0.008291699535454465,0.01863473809690765,29.537144332760022,30.641446987414508
2018-05-03T00:00:00,1525305600000,21.96872541733202,19.466858430361242,359.23113026644995,594.4769157717876,51.58881969428566,4.303637957484112,0.006830176963675877,0.0020819636204251588,33.46490860176933,41.573586467063244
2018-05-04T00:00:00,1525392000000,22.61649956625279,22.38013458987555,388.95191431175937,632.7201107916696,50.93857373255732,4.728297454596452,0.0027522614122431808,0.0010693499754575416,34.23859825907328,35.01545472804113
2018-05-05T00:00:00,1525478400000,23.295729461805273,23.47720003124708,411.6893625972933,638.65444218498,49.901672393240304,4.967796788444008,0.0,0.0,34.24631859605689,34.91843478772109
2018-05-06T00:00:00,1525564800000,24.165851950191957,24.52002663020875,410.5964973791701,644.2846223967464,49.21625791069895,5.28674356636982,0.0,0.0,34.70367422104383,34.71051829089106
2018-05-07T00:00:00,1525651200000,24.790478919838595,25.142553151719625,407.4551654015392,649.1532501227123,49.242886944936274,5.462414977911787,0.008151745174692776,0.0022438819157141856,33.830617240570184,32.15481731622636
2018-05-08T00:00:00,1525737600000,25.438734425469423,25.805032783666785,414.6304496450171,648.3577701814357,48.47592251731089,5.548566920851959,0.0,0.0,32.921242905967084,31.33130155120831
2018-05-09T00:00:00,1525824000000,25.614939062329345,26.20861786383665,367.1152949425892,642.4084390996424,49.66107459023578,5.687854989131197,0.004978525725304584,0.0033307622186382444,33.47471126222372,32.47625332414983
2018-05-10T00:00:00,1525910400000,21.996662303263054,24.483875694419346,112.62746301100904,592.4369609424305,49.795876866979874,5.081095294860108,0.0,0.0,46.58571277618676,38.991499614000034
2018-05-11T00:00:00,1525996800000,21.581522950550323,24.01580392530472,346.7707909683753,649.6140806058587,49.75285744337704,5.270024367582351,0.0033658228735712783,0.0023491050610942622,42.94863612902097,38.038952977535736
2018-05-12T00:00:00,1526083200000,22.76402587156322,24.049358426299957,357.01679493697515,621.8703281677301,46.835048473904735,5.073294299137508,0.0,0.0,45.94998510315944,41.06324593982893
2018-05-13T00:00:00,1526169600000,21.198934095812174,22.682163216424286,114.91213953896047,567.1647646594794,46.46205627136471,4.965097729862389,0.00026295030239284776,0.0002980103427118941,48.766116211769386,44.10988000339291
2018-05-14T00:00:00,1526256000000,20.835787010684395,21.15587879005899,329.8872254264327,545.9080518205565,47.08739021439966,4.475220447732412,0.01819679890608839,0.008782848026927055,47.34028543346868,46.60740659046442
2018-05-15T00:00:00,1526342400000,21.692155166496775,21.468434837688513,359.0433006679172,591.1872589579973,45.470066441105836,4.584338405441414,0.011973423557667022,0.005416871187153776,46.87804095959042,48.62463015679448
2018-05-16T00:00:00,1526428800000,21.97166698764702,22.616869739522908,346.53417597251195,585.8750416352576,44.85344389320337,4.788142278631909,0.014269936714408429,0.005013761548305664,47.036151522525785,45.78345469854353
2018-05-17T00:00:00,1526515200000,22.10328531404025,22.844343747802252,376.313698678167,654.3359395543713,44.650923880649344,4.999929877460863,0.016461554643946566,0.008695194853005628,48.199028822521456,46.944897764773124
2018-05-18T00:00:00,1526601600000,22.017632218684867,22.53127646960038,617.5116363030438,779.2262830482115,44.4814207953788,4.870862030659853,0.004860031104199067,0.02041213063763608,45.06254717054115,42.006859671722594
2018-05-19T00:00:00,1526688000000,,,,,,,,,,
2018-05-20T00:00:00,1526774400000,,,,,,,,,,
2018-05-21T00:00:00,1526860800000,22.63455495635988,21.955223855802345,444.61112104416236,673.8741581739079,42.903033553847074,4.624530663329161,0.0,0.00020859407592824363,46.286673749485715,49.91848144381199
2018-05-22T00:00:00,1526947200000,22.853266982790135,21.590156555811085,434.47116986027595,660.8746734919272,43.9294016584562,4.878337394597058,0.008309812240318367,0.019809617306242658,47.60445100928721,53.98353878329061
2018-05-23T00:00:00,1527033600000,23.348220576920994,23.27546901819244,429.57804775428633,641.3072297605273,42.88923950773115,5.096525367273237,0.00818694996669121,0.014708460432663651,49.10512603734888,51.188966113175745
2018-05-24T00:00:00,1527120000000,23.987759961885132,24.0193040687119,423.7913679154322,642.565273030064,41.706484581806706,5.202611973003769,0.019388882071419807,0.011937943728635289,51.20407595006764,52.83804008476531
2018-05-25T00:00:00,1527206400000,24.7952262098104,25.038089938572018,467.3145632089199,651.2797314353833,41.004277624866326,5.945480681579132,0.011412843393348644,0.0010167589930579904,47.942010046871864,46.79780533086216
2018-05-26T00:00:00,1527292800000,25.93229711796817,25.43569409731693,470.25628484274745,604.3067685780902,38.73873636969251,5.626948091790403,0.0,0.0,45.8659654854516,48.9900566259432
2018-05-27T00:00:00,1527379200000,26.767859599041223,26.098639658157975,443.4353908455025,588.7952668945569,38.39857651245551,5.8396529056008415,0.0,0.0,46.0686641257297,50.45935666785356
2018-05-28T00:00:00,1527465600000,26.936775177560474,26.544859317241556,428.36442044737396,634.201209571391,41.41268143888928,6.024051187658865,0.020107285604095086,0.0011394513103690068,51.82800647207835,55.40260322564782
2018-05-29T00:00:00,1527552000000,25.744439495202492,25.973365661311867,249.72899866769512,667.3660922462002,42.07483696795456,5.838718159984573,0.009904635018582146,0.005452027417912802,50.07863763140877,50.730422661063436
2018-05-30T00:00:00,1527638400000,25.620349153647474,25.536929384738063,195.53919781221512,646.3539899025313,40.86172077694411,5.693289390645817,0.015479279152934577,0.005381810532220742,49.10946993463028,49.517449672338664
2018-05-31T00:00:00,1527724800000,26.317363985946155,26.893340105813408,179.72997563241765,643.5724804095156,39.13244394579528,6.092421506582753,0.0,0.0019283698262714092,48.87776763091057,48.11419978493793
2018-06-01T00:00:00,1527811200000,25.940325818870086,26.725170014257493,298.9168872604877,682.2124675688942,39.22923058043932,6.033184909894117,0.01107936118366846,0.006608933454876937,48.36521750788968,47.31177151827581
2018-06-02T00:00:00,1527897600000,26.240547638790076,27.434310927798233,261.8718883668747,673.0181091457322,37.67518056237291,6.140174955735147,0.0,0.0006311028522342794,46.10623019083161,45.18262361637132
2018-06-03T00:00:00,1527984000000,26.714602724113703,27.93659173273876,272.28174742304185,682.2805602790877,37.79557885141294,6.26904265203443,0.0,0.0,45.431225113761386,43.87255748838859
2018-06-04T00:00:00,1528070400000,27.35681328590347,28.148645684346388,170.22113142716898,673.0855670283821,39.82925161720106,6.576757884402994,0.006468804235401364,0.021282190628122644,43.99023548564446,43.27042230016551
2018-06-05T00:00:00,1528156800000,27.802037080820007,27.091939537014103,150.054186242199,667.0842332234766,40.454140663347594,6.085688240656335,0.01036042353271159,0.004382581866629268,44.846276712120016,48.39838718256219
2018-06-06T00:00:00,1528243200000,27.651523345466853,28.015362095950273,95.98655423883318,563.4318496572761,42.82765935067667,6.276142559122066,0.006714115419676039,0.004032046000385674,44.830385364077465,45.40206522714468
2018-06-07T00:00:00,1528329600000,26.760276891765383,26.957314722907014,215.7188360066614,643.0817278193643,41.590674029275135,6.052048454674543,0.023542817074239636,0.004663148852619954,51.19853612428502,50.61687854770658
2018-06-08T00:00:00,1528416000000,26.227682948125025,25.39016544594018,265.10659818392173,637.2384475141996,42.564632051327,5.721425566229577,0.011236545945377414,0.008765163733258537,52.22488866813453,55.56558097016551
2018-06-09T00:00:00,1528502400000,26.45115521393555,24.888696699554554,78.80144094239736,661.5029187483566,38.8509097920976,5.477710579367166,0.0,0.0,52.2815376623848,59.229315515291326
2018-06-10T00:00:00,1528588800000,26.426578161369452,25.98360386463864,100.76414184794993,675.86783886123,37.19703051869511,5.6786165065563425,0.0,0.0,53.59788414350657,57.28520098107701
2018-06-11T00:00:00,1528675200000,26.361392598940732,26.39295642440519,180.1047049749325,685.3195196774476,40.00333064544403,5.824226487860461,0.012568804122988466,0.00539924620913314,53.87372471532844,55.07018139464942
2018-06-12T00:00:00,1528761600000,25.722623967106287,25.93970813282458,242.46017249237457,635.2192616484942,37.34787715177225,5.937085860533604,0.0031378186025312906,0.005293973284717596,54.69515647222153,55.029481549920504
2018-06-13T00:00:00,1528848000000,24.827049751008225,25.199691449799232,400.8852795259716,662.4402917046491,38.87747839349263,5.505136385947689,0.0059078239223042265,0.004487763831428371,44.72395742496062,44.74031975075219
2018-06-14T00:00:00,1528934400000,24.31148781953728,24.742602123768464,443.90735059516504,675.6038847205666,40.75471135809828,5.360318350746792,0.015462019879739846,0.0038917326975667905,39.50664580142709,38.64085265271218
2018-06-15T00:00:00,1529020800000,24.872809282898515,25.441240830414174,459.924950036815,676.2980207913329,41.16435258230777,5.614939606963168,0.007222748150485607,0.012586995775117018,41.91047650855469,41.469717611540204
2018-06-16T00:00:00,1529107200000,25.294406003650927,26.11415070208293,467.9295794400715,678.2181687498904,39.73355188191364,5.651228020966639,0.0,0.0,43.071440936309365,42.390678989906675
2018-06-17T00:00:00,1529193600000,25.614965703496885,25.837711248631212,395.7308346335221,679.8056763200336,39.93746822572445,5.798120748895589,0.0,0.0,42.73344497248657,42.07634103733697
2018-06-18T00:00:00,1529280000000,25.318007502664432,25.681325978481446,408.665988815455,688.6151958206234,42.37391090931403,5.94330493320711,0.010027523096611328,0.03297570211423162,42.31011159719735,42.27240975654367
2018-06-19T00:00:00,1529366400000,25.7362534109879,26.398558858918673,332.6319969146083,690.3864735993268,42.33637782024087,5.879093331463432,0.014865978297074136,0.015952597994530537,45.314816941310994,45.60583064496103
2018-06-20T00:00:00,1529452800000,26.68255187920604,27.4143757223792,149.11111582700224,619.5713376201694,41.37920716438182,6.332972560005094,0.001549170238954204,0.00150675919441438,46.6619541009058,45.70739383575672
2018-06-21T00:00:00,1529539200000,27.259091144540637,25.80088704236499,329.79729682350467,683.4323428871943,43.97770142346259,6.0323954772547985,0.007047191641539864,0.003944254535892716,39.25358316445449,41.08521342468529
2018-06-22T00:00:00,1529625600000,25.108989380314803,22.708335626259917,321.48619510912437,688.1106864876236,44.53873257954247,4.934138559708296,0.00545183626961171,0.012849730032957016,29.84515910556956,32.43854214979434
2018-06-23T00:00:00,1529712000000,24.92135881844313,24.51571416453621,353.37725264707944,682.1311093191221,44.49028819858355,5.275401444498983,0.0,0.0,33.44008153772698,32.48962543973848
2018-06-24T00:00:00,1529798400000,24.89771041249515,24.70777117605004,354.84669191122333,671.5214395904916,45.16777111601977,5.296262534184138,0.0,0.0,34.804063606737024,34.54204651637512
2018-06-25T00:00:00,1529884800000,25.081361456856772,25.23583721317104,353.617797100433,674.8367225299769,46.91138264116544,5.495144099291775,0.02114194554984836,0.0026996704298436294,35.684730800223875,35.45772566914717
2018-06-26T00:00:00,1529971200000,25.419521840556072,25.403481438286835,378.59590842156933,684.3911541967603,46.72233714325784,5.622887595540285,0.004452703176495337,0.013971670990814108,37.872393190204555,38.93835280665625
2018-06-27T00:00:00,1530057600000,25.675448410223833,25.275246706027804,423.8382097715758,686.3788019564189,47.588415756534545,6.125642059498975,0.0031029223568185406,0.0496993496134495,38.230626050439085,39.11769011336515
2018-06-28T00:00:00,1530144000000,25.98901894811276,24.499244377773273,479.6153495547297,648.363269814,47.398359161349134,5.440053994355136,0.0062057359231470445,0.004049576635169959,36.88737993024357,40.130296504625214
2018-06-29T00:00:00,1530230400000,26.547458987353465,25.767389468582646,407.97707073363136,663.3483687744333,46.53869751950215,6.261995336851148,0.01414672626873521,0.0227898252195712,41.739200630492256,46.527880719113334
2018-06-30T00:00:00,1530316800000,26.650612718549954,26.33158959540601,443.0636537349017,683.7875499614332,44.94146521045527,5.7811338615805345,0.0,0.00019283360213168783,42.04064477781735,43.73202083699458
2018-07-01T00:00:00,1530403200000,26.877270529244885,26.15161015626498,441.8568323253572,682.8122184240511,46.161977386273996,5.776597423087036,0.0,5.259006047856955e-05,29.95714436632294,30.909138376090684
2018-07-02T00:00:00,1530489600000,27.082178565765545,26.001581257985553,428.2565563424725,677.5222193005523,48.60516443447164,6.1003418353931105,0.00844961783886123,0.03257077745639408,30.14471639569382,32.009473231748025
2018-07-03T00:00:00,1530576000000,27.339240926621684,26.701903798538208,419.41795074064333,669.5614087371152,49.23022175475502,5.928896991795806,0.011149092821456744,0.004978613000490849,34.274444757689416,36.862548117934885
2018-07-04T00:00:00,1530662400000,27.215852268695688,27.179858287391603,266.28980193329943,670.3924492552762,49.0602094700093,6.263960281398572,0.008912124348695637,0.006245504464833951,49.6140471505432,50.55520950351915
2018-07-05T00:00:00,1530748800000,25.480060896376273,24.844811057469325,142.5599537199355,635.6496914662366,46.48625622326625,5.537690204053011,0.0012972442325222635,0.005399340859687259,53.340957875656684,56.18598626681593
2018-07-06T00:00:00,1530835200000,25.44392477542127,25.041102325385687,281.4170187402486,625.7716634819346,44.48910471048157,5.646021422435706,0.016882001297266976,0.002997738548112827,53.24340229868009,56.52619599885581
2018-07-07T00:00:00,1530921600000,25.644229860561413,26.81606710163182,322.25093350630226,665.0699309280881,41.5034623003699,5.854370463868729,0.0,3.5061884225658285e-05,46.816440180830384,45.50982080910802
2018-07-08T00:00:00,1531008000000,26.055677324295747,27.520116016194542,326.6458987079922,677.0437556973565,41.962361727118136,6.132248790407405,0.0,0.0,37.693236614747775,37.70387943295374
2018-07-09T00:00:00,1531094400000,26.204238755316997,27.560488384591356,314.33896046980453,674.1348958698549,45.133596283635725,6.316615244372765,0.010412831974756771,0.0023841245354463223,34.363220311139024,33.65085542891622
2018-07-10T00:00:00,1531180800000,25.77950507048092,24.822217978198015,413.95326332766507,669.9415188275717,47.07059586627632,5.644362246686768,0.01120207562715846,0.0034359441834373467,36.80427395245651,37.80067492925672
2018-07-11T00:00:00,1531267200000,25.95513538457894,23.710551498732205,454.0534490314664,654.6810006310918,46.241721447979664,6.028995161629619,0.02715400122710141,0.04056517775752051,33.595694591432945,38.211385921930066
2018-07-12T00:00:00,1531353600000,25.842931747169033,24.49332611775195,409.9886403478017,671.8881545500763,46.48388962905827,5.439422891502901,0.008063950634597854,0.004382658696071385,36.52549254009027,41.392610856979026
2018-07-13T00:00:00,1531440000000,26.151083264258272,25.15196344453049,433.75399691466237,671.1475702966131,46.15884229717411,5.582550312039829,0.00010518196479910245,0.005767477736484118,37.36596307419484,41.453909254652544
2018-07-14T00:00:00,1531526400000,27.198679930781992,26.534465217185744,439.1608554649838,670.5196080150063,45.20157770181436,5.818014480304332,0.0,0.0,37.36991845778824,40.64876321046589
2018-07-15T00:00:00,1531612800000,27.60882631345848,25.854755939369692,324.3533876763958,618.43191220812,44.932807432728545,5.539443236799664,0.0,0.0,38.98033839849431,46.44695151326165
2018-07-16T00:00:00,1531699200000,27.426839017256157,26.21374379918967,446.0092910735573,665.0425986957437,45.80360774139261,5.9575415468760955,0.02277189537900568,0.011219409578570927,40.061489308250714,43.83019950906288
2018-07-17T00:00:00,1531785600000,27.36042007672052,26.50665308254589,453.74850992216534,647.8571052908384,46.246476404179234,5.909610462466253,0.02547156580884931,0.01535710529083833,43.85021041972834,46.83870305313159
2018-07-18T00:00:00,1531872000000,26.49184324365001,26.89228148571063,442.0824962748707,664.7444604165206,45.46505390481199,6.196199425005259,0.002962573406959418,0.004663067106093542,45.39746511972424,44.35883173565737
2018-07-19T00:00:00,1531958400000,26.35232285896196,25.5426232636071,342.79540354813827,651.2980856882407,46.08733609143819,5.767127129934787,0.0,0.004067035972231962,37.61542493044331,40.190551167792975
2018-07-20T00:00:00,1532044800000,26.362154394914292,26.277226347248195,280.23711105267773,620.1033412804151,47.217810500482074,5.979980366033238,0.0,0.004400112194095786,42.22747477216217,43.337430709492196
2018-07-21T00:00:00,1532131200000,25.385420287435945,25.353887194736217,193.48086598299588,624.8150232272767,43.89089315452713,5.656306424752389,0.0,0.0,54.85697607414385,55.406091692303676
2018-07-22T00:00:00,1532217600000,25.105273041599105,25.694122012015168,271.33269055465956,651.9407464544291,41.96947969988079,5.59711095138755,0.0,5.259190435285662e-05,53.751118502554355,52.52508102917745
2018-07-23T00:00:00,1532304000000,25.3863297320626,25.82054869770241,313.90374097188135,657.5916206503638,42.72307341701143,5.7201156981330525,0.021229226561952176,0.0063458672977473925,51.00735043880858,49.922107092547826
2018-07-24T00:00:00,1532390400000,26.541431054018396,26.86595554558113,315.61264988429986,656.2887295548971,41.82494214991936,6.2126290692985995,0.021141574924619592,0.017390389706011256,47.21154546868073,47.80376559534483
2018-07-25T00:00:00,1532476800000,27.64573475662701,28.43767619251695,233.37876025524156,646.5140593226281,41.63843699600309,6.900305027697917,0.0027172007573101464,0.020510483135824976,43.625345383910194,42.61076008191024
2018-07-26T00:00:00,1532563200000,28.681812007813036,29.698197792650674,168.29625019721965,641.223568185404,41.907315533895485,6.865838051995863,0.010535911505355608,0.005276721070069947,41.88144214448831,39.39410274781069
2018-07-27T00:00:00,1532649600000,29.098702843999572,30.565022662451526,203.70503471004838,647.7286958960784,42.38479068789005,7.276598355626457,0.0028749737045088,0.002629595217642831,37.79063532086795,35.75411356495011
2018-07-28T00:00:00,1532736000000,28.884156056920304,30.345198401678545,155.2153951335811,635.5139366103359,43.949758081480965,7.148201388401936,0.0,0.0,43.242682816946996,38.64843977889442
2018-07-29T00:00:00,1532822400000,28.74092350003094,31.678212873075907,377.8146485984258,652.1480286801185,41.644548849113825,7.520992935154182,0.0,0.0,42.86085583353946,38.58696596098718
2018-07-30T00:00:00,1532908800000,29.554341498304503,31.377850011031065,311.8557579369949,647.5261118805112,44.5087039601704,7.576442332976877,0.007362866609399926,0.0018407166523499816,38.679347162504335,34.94016098189111
2018-07-31T00:00:00,1532995200000,30.139409161594905,30.847585663972822,302.27259802717026,638.67189721447,45.05799136448204,7.451582328471381,0.0056165970442658055,0.0031242869429378827,39.092754648170924,37.53245220579703
2018-08-01T00:00:00,1533081600000,29.992046235292865,28.75979241087012,220.08788107217362,614.7630600939625,45.09697947162667,7.090333777434963,0.00553968059183423,0.0010167589930579904,39.887772418831446,45.05505925496776
2018-08-02T00:00:00,1533168000000,29.388799657494474,27.34050207423609,223.43880931928544,634.2228104620995,43.18051294637379,6.123290793072014,0.002787370930701401,0.0052065072575555715,43.977967534395354,54.40532922754782
2018-08-03T00:00:00,1533254400000,29.068651616310603,28.004664828096914,404.4397933269113,731.0701191032227,43.4590886534139,6.464064689397478,0.0033861692500802756,0.0030943484353106025,49.158066964126505,53.73501288050082
2018-08-04T00:00:00,1533340800000,,,,,,,,,,
2018-08-05T00:00:00,1533427200000,,,,,,,,,,
2018-08-06T00:00:00,1533513600000,30.38161067417832,31.090682355305756,212.37711836752453,756.6686753540583,44.341201296582334,7.479213348706681,0.0,0.0038505884656383927,36.73162917938123,37.19880126641755
2018-08-07T00:00:00,1533600000000,30.4139417193981,29.466964095348178,116.91552135193885,602.3829675338335,45.488342332234765,6.936382441624009,0.0,0.0048734310356917466,40.82431453866399,44.30523280169216
2018-08-08T00:00:00,1533686400000,29.7034587952728,28.80377600719815,143.43323457742406,620.8040810602342,44.6811703451782,6.722179370310638,0.0,0.0010342893205245074,42.2571217825304,45.725899313168426
2018-08-09T00:00:00,1533772800000,28.28976913456696,26.658228687497427,126.37014182283541,627.882459154337,46.740108339322965,6.265637052100133,0.0,0.0018231540565177757,43.529383070988054,48.34838370709773
2018-08-10T00:00:00,1533859200000,26.468789539108123,24.740421428109325,176.30630204224735,622.9331743916977,45.82315715663073,5.626218357758923,0.0013147515119642387,0.013463291494285113,34.516571184081926,37.96749877648821
2018-08-11T00:00:00,1533945600000,25.77049699961037,24.500417235556146,142.95471995792795,625.54975106935,46.1199228679113,5.397587826940607,0.0,0.0,33.7985186922988,36.13425777573863
2018-08-12T00:00:00,1534032000000,25.26270488351492,25.23757211011615,197.4550442633009,630.1268998159347,46.98888596721886,5.507388903497239,0.0,0.0,36.14825668796376,37.374777800053195
2018-08-13T00:00:00,1534118400000,25.650094769591487,24.31159269128661,143.69128537187422,608.8282116409688,47.17853182127142,5.264121918935356,0.0,0.005223052981790864,48.32381497194348,53.00750366127419
2018-08-14T00:00:00,1534204800000,25.373399078964052,23.498280287474387,285.0675981277282,619.7153776032536,45.4080781165086,5.083812495617418,0.0,0.00257695813757801,44.48027105047039,50.41684311879533
2018-08-15T00:00:00,1534291200000,25.19440424882197,23.50739607176685,317.1465736374314,623.3443306920973,43.8294269235489,5.037620082743145,0.0,0.0,46.147322191872,52.58620711090471
2018-08-16T00:00:00,1534377600000,25.451760994715737,25.114518596885098,231.6228283926161,618.3057464413436,44.43423382360675,5.465079587686698,0.0,0.001630320454386088,43.61536559060833,46.79817508967409
2018-08-17T00:00:00,1534464000000,25.891404913364692,24.61987587054944,104.74766846644695,572.38354603464,44.965535376200826,5.504102096627165,0.0,0.00015777294719865367,48.48269405181758,55.259220980467745
2018-08-18T00:00:00,1534550400000,25.63959220064095,24.27973491584976,371.6350711731295,613.5410384965991,41.53090596732347,5.232925461047612,3.506065493303415e-05,0.00017530327466517073,46.083768646460115,53.032816803845726
2018-08-19T00:00:00,1534636800000,26.324208070011267,25.461271991252264,367.1745174692776,606.6121415048033,42.1442420630051,5.63514129443938,0.0,0.0,38.58514808838154,41.79859229232877
2018-08-20T00:00:00,1534723200000,26.627599803856885,26.20317992294046,258.7414101395414,612.6651181544071,43.799558235747845,5.914329289671131,0.0,0.010763621064441484,43.10546597169882,46.58043088345213
2018-08-21T00:00:00,1534809600000,27.107843132559378,27.229613981828074,188.15419676039548,610.0614963887525,43.453579692868665,6.339755276628567,0.0,0.0020159876586494634,45.25942082221524,47.1786077502867
2018-08-22T00:00:00,1534896000000,27.46443085696886,27.00549750361166,182.6511464834163,594.0913154757731,42.3860704017951,6.0365682630951545,0.0,0.017705630741182244,43.89498983794714,46.35835495821666
2018-08-23T00:00:00,1534982400000,27.419938962361428,28.15229916760236,198.960732066475,589.665340181968,42.7072260009817,6.361832301947653,0.0,0.0012797363392528444,47.496479968905625,46.39040196803973
2018-08-24T00:00:00,1535068800000,25.1803485412817,26.990758005728953,81.26185050136736,591.0516268143889,42.904862912839214,5.967639015496809,0.0,0.023630881424865018,44.636726033527935,41.574973693193904
2018-08-25T00:00:00,1535155200000,22.50798340250337,24.90606386740984,133.65579202019495,580.1892782637659,43.96567561882056,5.228354048700103,0.0016829114367856392,0.026734218046035447,42.184117432020464,37.677213763082236
2018-08-26T00:00:00,1535241600000,21.972286888735773,23.599132298503715,368.7806293277237,577.2953334268284,44.07324042422649,5.649849239183788,0.0,0.07846574574013043,37.90722231347091,33.72519093196444
2018-08-27T00:00:00,1535328000000,22.72056712595671,23.210141294058204,205.7143032449205,574.4169062478087,46.02219378363691,5.2611492882687045,0.0008414704696457059,0.026681158404038986,42.95984962067083,39.96106513607645
2018-08-28T00:00:00,1535414400000,23.353316667312143,25.541502983638143,372.98248720286097,588.4135228946077,43.213992707383774,5.749859757380268,0.0,0.0,49.86807721627978,42.71250789171014
2018-08-29T00:00:00,1535500800000,24.11400015338023,25.464630809992848,429.9416570246485,579.3079903232592,44.335489639213215,5.743093050978192,0.007696083587531994,0.0,51.24333646686084,46.59616438398421
2018-08-30T00:00:00,1535587200000,23.682576317181375,25.02205172834458,319.775783181109,567.4006626579949,42.13454762196939,5.524341286397981,0.0073278053398313555,0.0,48.61538308452925,44.9078239262498
2018-08-31T00:00:00,1535673600000,23.974674916701282,23.258125021587425,179.2454694907478,480.9941697092501,40.7458518122037,5.0934375776575616,0.004186419941887139,0.0,44.282441921893344,45.27339475494368
2018-09-01T00:00:00,1535760000000,23.876700046455646,24.037409708749177,361.71670494188595,570.7831849098941,40.5982855039181,5.353989902531379,0.0003155514261171397,0.0,43.40328523477941,39.667137683186034
2018-09-02T00:00:00,1535846400000,23.666483680677484,23.155576464253986,224.60988009256013,550.3135299067386,41.27054554379076,5.0561321085477875,0.002121169623448566,0.0,41.17606762219391,38.94050898905364
2018-09-03T00:00:00,1535932800000,23.27767657078393,23.32542125084055,285.2332801570745,552.0398646634994,42.3338884701015,5.142103325561418,0.006153252809284224,0.0,45.21542689144186,45.780861869282234
2018-09-04T00:00:00,1536019200000,23.653943394075686,24.16660761147314,337.69195168557053,563.1014673141315,41.24979401504128,5.427765019371352,0.0,0.00015777571305856984,45.929190140595736,46.09795940598388
2018-09-05T00:00:00,1536105600000,24.705099765391985,24.94078248019105,366.3047403667473,566.4941974616086,40.327092317941165,5.615104130145151,0.0,0.0,47.24999490009443,47.99186948301849
2018-09-06T00:00:00,1536192000000,25.105029491809628,23.629817359285813,222.07836331124435,529.3098660682981,40.3822095999439,5.347205665801837,0.0,0.0008414557183928196,48.51643179322413,55.33795836744047
2018-09-07T00:00:00,1536278400000,24.506500467102665,22.78164930235294,268.6660706146348,533.6023069910946,40.63404158339469,5.282518757450389,0.0,0.0026646097749105954,46.16137585322798,51.94093681219358
2018-09-08T00:00:00,1536364800000,24.397859404406933,23.774763339114685,357.72687271006083,549.244775962415,40.149992111214345,5.253576186803169,0.0,0.0,42.03241591507636,39.38260448571634
2018-09-09T00:00:00,1536451200000,24.634195226946137,24.85353844908705,361.45227284679976,543.0118853536682,40.665199936889714,5.59593303532299,0.0,0.0,41.001823133387674,41.00820237724043
2018-09-10T00:00:00,1536537600000,24.828283968946995,25.19672539969596,337.29938818084605,545.5498211906598,42.99218133688621,5.602008975527663,0.007520642322458496,7.01213098660683e-05,40.57430704095187,39.164024195809176
2018-09-11T00:00:00,1536624000000,24.640990114370027,23.99153983583792,413.1027821117403,542.8269055465956,45.29965114036779,5.377375359371713,0.015426958610171274,0.00031554589439730733,45.65831561459964,47.43506415516721
2018-09-12T00:00:00,1536710400000,24.667279064363775,23.957246954131282,210.50649510018758,520.2284902881986,45.11650859877636,5.428265900007012,0.019318759532282664,0.0007538040810602342,45.90110791227107,48.448867569948746
2018-09-13T00:00:00,1536796800000,24.75363322736931,23.983914401970274,206.29111372122784,440.4107984924183,42.306312781585824,5.243106319572267,0.013218098627351297,0.0015601717941975634,51.94780959061172,54.92211240978577
2018-09-14T00:00:00,1536883200000,24.58003013131202,24.388338747352883,300.9605371574832,477.4139436224669,40.3100576778107,5.392696865577449,0.0035588436387861363,0.00010518196479910245,50.0598603332175,51.61862236864478
2018-09-15T00:00:00,1536969600000,24.747340534601157,24.950646820580605,418.14659373794746,532.8349870275576,38.9016163528628,5.480436154547367,0.0,0.0,46.904603650303166,41.355756928497605
2018-09-16T00:00:00,1537056000000,24.51128650331041,24.76057786224651,410.0028400126223,527.7882862351869,39.32342835103959,5.436838230138139,0.0,0.0,44.00883202943848,39.17342395674137
2018-09-17T00:00:00,1537142400000,24.40542413208579,24.662018725183415,360.6093930787841,524.7750333076222,41.183566494863435,5.5033132318911715,0.017899091897198554,0.0,43.55928266271209,41.82253001767918
2018-09-18T00:00:00,1537228800000,24.72564914312089,24.68859104541488,248.79080693511912,470.3582385218169,40.98553722630297,5.4966604140735935,0.010202829444454184,0.0,45.40072575962657,45.35435020423104
2018-09-19T00:00:00,1537315200000,25.416808243497353,25.651717941905297,340.75102992479356,509.4674286515672,41.942674824255384,5.689380127620784,0.021282190628122644,0.00012271229226561953,46.8397313288794,45.318764493388684
2018-09-20T00:00:00,1537401600000,25.385214448857077,26.023100121347323,204.4680060306441,502.75118770050665,42.720609375547845,6.060270322388374,0.026629501069387468,0.0007012253913714216,47.95819565246803,45.8801185993506
2018-09-21T00:00:00,1537488000000,25.052782904238057,25.127799301555378,308.9199200603054,483.6481023753177,43.70536262118051,5.7985274783066,0.028119138193994003,0.0,43.787937147588124,43.26600753138199
2018-09-22T00:00:00,1537574400000,24.085095697077552,24.300725844471312,320.75646869083516,483.6356847345908,40.60784657457401,5.282904424654652,0.0,0.0,40.88135117643905,35.3225438849771
2018-09-23T00:00:00,1537660800000,23.75713468579321,23.981512339668015,220.07129584180632,435.9133300610055,41.971443096557046,5.238605287146764,0.0,0.0,43.300955428272,42.70088351828613
2018-09-24T00:00:00,1537747200000,22.885584773559923,22.49967042476772,321.64604515812357,512.5688140941362,43.32857092770493,4.981383118590586,0.011377182525769582,0.00019283022175475503,37.86020439305234,33.50063633436868
2018-09-25T00:00:00,1537833600000,22.109524007812787,20.68802197858954,406.16592164080987,513.2309364372611,45.32823209746691,4.6455492059040076,0.01717941975633272,0.000350594257266066,34.128335467637896,33.054725993629575
2018-09-26T00:00:00,1537920000000,21.553922287376498,21.19118237936358,323.1745990007889,512.1337715838373,46.093662897712335,4.584713822420896,0.0030852835480760805,0.0003155403628714173,33.26802515375467,31.65841522022869
2018-09-27T00:00:00,1538006400000,21.79767023741947,21.41943058333301,417.69347685079674,505.56787742795035,46.98942902722508,5.154705139892013,0.016093122731974125,0.004715658088493093,36.61734298019392,37.593524283258056
2018-09-28T00:00:00,1538092800000,22.288724255930052,22.720219083350173,446.14553932997916,504.29308440704705,46.599705485335626,5.0892803926724515,0.007292744070262785,0.0,38.61415270171777,36.65402378233071
2018-09-29T00:00:00,1538179200000,22.591194666540584,23.388961425936394,342.05727057586114,510.7372074677886,45.27187308265405,5.2398983258830745,0.0,0.0,36.264242433609326,28.583118637463453
2018-09-30T00:00:00,1538265600000,22.182266408485482,23.026645625861146,326.5764848187364,507.2100972916119,45.883090246125796,5.169673065124025,0.0,0.0,35.23767971522711,30.048233886111554
2018-10-01T00:00:00,1538352000000,22.050137448868814,22.86214288668684,272.1432202647033,482.6425866844301,47.8455605223946,5.1866563825684535,0.007169778245244982,0.0,33.82799891872174,29.51238995636888
2018-10-02T00:00:00,1538438400000,21.930095474934618,22.21829761120949,389.63912700499606,472.8565693750548,48.87830660005259,5.199912349899202,0.017915680603032693,0.0008414409676571128,31.715280863149776,29.443451564152532
2018-10-03T00:00:00,1538524800000,22.15122377704449,22.79579611139718,431.03311478858427,472.92206153037074,48.71064441483767,5.149706372162328,0.010763621064441484,0.0009466210886142519,36.27242822903218,34.800976402810335
2018-10-04T00:00:00,1538611200000,22.56729492596122,24.084101497233586,307.25811711079945,500.0057325175745,47.561290322580646,5.360499973704048,0.0,0.0,37.30555747321077,33.82100687915901
2018-10-05T00:00:00,1538697600000,22.93029881433504,24.276959759129298,379.4202237732805,493.8078811686717,47.3160885272351,5.464329557013083,0.0020518396408403775,0.0013854301848409386,36.675832155824466,33.740573811642285
2018-10-06T00:00:00,1538784000000,23.217788194532957,23.976291821469566,317.35457461914694,485.5948215412664,46.16426204792876,5.162681438889279,0.0,0.0,38.2881352948396,37.94298604029391
2018-10-07T00:00:00,1538870400000,23.709697747997897,24.74312973417011,369.23448566019215,487.67274384685504,45.6371222214431,5.388349344365753,3.506065493303415e-05,0.0,38.855679849130176,37.987195698929554
2018-10-08T00:00:00,1538956800000,23.461763015628303,24.660317301576736,301.35249982469674,475.899342624244,46.15509080709628,5.411885353668157,0.0,0.0,39.40104487286519,37.229644949457715
2018-10-09T00:00:00,1539043200000,23.42734436739474,24.417937062012516,309.65660992584543,482.38647359932685,45.93469838542854,5.3985344646238,0.0,8.765163733258537e-05,40.25609626447018,38.63185269865546
2018-10-10T00:00:00,1539129600000,23.26495331221949,24.006472135859063,267.2838510623378,468.72121520229996,45.671043405090806,5.413032045438609,0.0,0.007538040810602342,41.59266879071896,41.869932028498475
2018-10-11T00:00:00,1539216000000,22.95110254790604,23.850136736433868,266.2587826940607,477.5266986887315,45.22014585232452,5.141469742654793,0.0,8.765163733258537e-05,42.22154830828028,41.64110520193465
2018-10-12T00:00:00,1539302400000,23.22057321360998,24.633524913463877,285.1884711228379,447.5426644923686,44.36129434183524,5.405885263022885,3.664614482556435e-05,0.0,44.71608601627165,42.22972135185433
2018-10-13T00:00:00,1539388800000,24.132181036027816,25.250236595757805,349.4022579457602,474.25725755557113,42.68376487912627,5.522982259308604,0.0,0.0,43.03652857468539,39.66576155468672
2018-10-14T00:00:00,1539475200000,24.473608151582905,25.519526675238765,350.0831989341561,472.12264002103603,42.31482715097118,5.5768603733894295,0.0,0.0,42.00700516356684,38.78058371398856
2018-10-15T00:00:00,1539561600000,24.27509240552582,25.095259920158625,407.4191574776923,468.4143643503261,44.24588468348439,5.498544982820279,0.007923846922497063,8.765163733258537e-05,39.592014887459854,35.8604796180701
2018-10-16T00:00:00,1539648000000,24.005039998250062,24.691943195204928,350.92800168294093,466.0095889210273,44.92007783601844,5.463002892453327,0.004347597426502814,7.012008063809273e-05,38.691255809569334,35.21346660356223
2018-10-17T00:00:00,1539734400000,23.657986106355622,24.3109248892036,402.8417860210718,457.02615524858004,45.36304191574777,5.465517845873361,0.018161737636519817,0.00024542458453123906,39.18428019047193,37.12063502208789
2018-10-18T00:00:00,1539820800000,23.906524705081022,24.610176309045638,363.6529521071454,452.83519739148727,44.95484187644625,5.446006591403127,0.014550171797209173,0.0009115770282588879,39.662211777593654,37.5891154343212
2018-10-19T00:00:00,1539907200000,23.875583755410776,24.61920797396037,302.5089404670079,452.66723932403056,45.02022999789636,5.37814669378024,0.014234625902811864,5.2590982399551224e-05,40.2732977242868,37.58029574075978
2018-10-20T00:00:00,1539993600000,23.50138347523589,23.646622365394407,110.65003662407422,423.9823797509563,43.707984048181004,5.017945796370148,0.0,0.0,38.8622691602405,36.99509251848272
2018-10-21T00:00:00,1540080000000,,,,,,,,,,
2018-10-22T00:00:00,1540166400000,23.12539040388033,25.5667558233422,999.5970548862115,1023.0,48.9219098616689,6.315930388219545,0.06916555109326193,0.0,32.15809839870822,20.423382409711547
2018-10-23T00:00:00,1540252800000,,,,,,,,,,
2018-10-24T00:00:00,1540339200000,22.315939260976233,23.45619634338111,100.42804791673082,156.8725592854943,52.67998029131894,6.103449337850323,0.0015397407076648292,0.0,37.09357002148346,35.87427798894724
2018-10-25T00:00:00,1540425600000,22.55011664738798,23.699390020396777,339.98328173374614,456.56533015561473,53.3175652783457,6.1008341511285575,0.006098487061160115,0.0002570213561381373,38.1940580435895,35.27812984131325
2018-10-26T00:00:00,1540512000000,22.7162861943802,24.284923636654064,281.4656074766355,442.23378201532995,52.623364485981305,6.216839596186203,0.011238317757009345,0.0,35.83035976966408,30.594542191847726
2018-10-27T00:00:00,1540598400000,22.31595708210119,23.127425060420016,119.77862042371198,413.30906158323495,52.35307383993363,5.98262018022651,0.0,0.0,34.28128717185719,29.09733512606145
2018-10-28T00:00:00,1540684800000,21.682858471992336,22.425231184412727,65.667593528817,425.4797240349652,53.1541118975396,5.749223396826161,0.0,0.0,33.00182362365369,28.10020832810679
2018-10-29T00:00:00,1540771200000,21.439827478229134,22.232216601021108,207.5008589559303,389.28070821281443,49.600778319251134,5.084371987027785,0.007976019352803001,8.765010079761592e-05,31.52221356712785,27.68842668696325
2018-10-30T00:00:00,1540857600000,21.365264151238236,21.9051012735152,92.08330265579805,424.8398457358226,49.84568323253572,5.05588570426856,0.0,0.0,30.43536158563462,26.98493823381548
2018-10-31T00:00:00,1540944000000,21.459397717302597,22.025524945562186,289.4627143007398,414.2224169968096,51.47170704343863,5.108473863198121,0.0064158749079690075,0.006678820600918557,30.814640769440917,27.5546173154148
2018-11-01T00:00:00,1541030400000,21.5519650718112,21.99789994449032,177.60333765732918,404.93608554649836,49.66360481015321,4.968586203874135,0.0,0.0,32.12068148926164,30.165909456581893
2018-11-02T00:00:00,1541116800000,21.842017722967807,22.430098501365332,190.95159961433956,419.96727202608423,49.74897011131563,5.049714265680328,3.5060040319046367e-05,0.0006836588016688286,34.008107631916396,32.83543455370453
2018-11-03T00:00:00,1541203200000,22.218457300575853,22.540415823619483,265.62215794548166,417.3741476326538,49.92912612849505,5.033235752975616,0.0,0.0,33.4162556708021,30.814076043643077
2018-11-04T00:00:00,1541289600000,22.38364273239806,22.898933990612793,217.25599088438952,409.3208288048242,49.68048032255237,5.049556498264558,0.0,0.0,33.83216426300014,32.90558122009581
2018-11-05T00:00:00,1541376000000,22.295789221227356,22.441291916478015,290.41578430685087,375.0462967832413,49.923725545193186,5.083723376281883,0.015777294719865366,5.259006047856955e-05,35.49337353855821,35.04852662381976
2018-11-06T00:00:00,1541462400000,22.24506790183869,22.4365379424776,183.24636690332193,386.6035936541327,49.5553510386537,5.168691383995092,0.012709264615654308,0.0007012008063809273,35.810928252176105,36.98743268652545
2018-11-07T00:00:00,1541548800000,22.1320909336016,23.001690018921828,176.41792300680177,440.56447654442184,49.37097678984644,5.263060093962555,0.004154687609564547,0.0002804852394642732,36.290246138690726,36.76756368613947
2018-11-08T00:00:00,1541635200000,22.4223165414616,23.109364743081848,281.14161246778747,425.8175475501797,48.78004312536157,5.0497326671925675,0.0018231860175656962,7.012008063809273e-05,37.54323051401411,36.32081341371913
2018-11-09T00:00:00,1541721600000,22.521998442152398,23.15271454913995,220.50295380839688,393.75706898062936,49.57850819528443,5.225173108949075,0.004031904636690333,7.012008063809273e-05,37.271857264215555,35.47086869516573
2018-11-10T00:00:00,1541808000000,22.29683764072314,21.77990038212789,94.90964869223757,355.6648494197665,47.3632459154337,4.995196858675455,0.0,0.0,37.181291782825056,37.547679014553324
2018-11-11T00:00:00,1541894400000,22.3830166714329,22.1475630974788,231.13200336582287,403.7028434191151,47.126043054484256,4.980891943061496,0.0,0.0,38.28752548421602,39.79027088373392
2018-11-12T00:00:00,1541980800000,22.51128242272668,22.02285199505972,414.7689368042773,396.61405907616796,47.9145937417828,5.084669997370497,0.011604873345604347,0.00019283022175475503,39.73690601248235,40.623118822751614
2018-11-13T00:00:00,1542067200000,22.41253072668297,21.657491638854985,251.89332795736624,404.2066789376808,47.410753102867965,5.049119116486984,0.010938924339106655,5.259006047856955e-05,40.77384658629175,42.23836080073182
2018-11-14T00:00:00,1542153600000,21.782285365634035,21.205342971650627,363.7224374594604,368.8046279253221,47.438528829128906,4.856096064510474,0.011622810861981312,3.5060040319046367e-05,37.11375464836006,35.72324131937133
2018-11-15T00:00:00,1542240000000,21.684591087737857,22.223206041588362,223.82766237181173,399.71309118956634,47.65085458848278,5.1045997966553305,0.023490227013761064,0.00040318339585597587,35.74076086608207,32.121207466643064
2018-11-16T00:00:00,1542326400000,21.55916519552674,22.58639361731899,167.38412684507907,388.18322055884727,47.32823792212343,5.160712407530765,0.009811221584687486,0.0,34.78674175955349,28.682659639932872
2018-11-17T00:00:00,1542412800000,,23.16581234123787,,408.06826309515463,,5.209434822242479,,0.0009992286655914732,,23.417575939634006
2018-11-18T00:00:00,1542499200000,,22.922369980425472,,405.92942413883776,,5.182873170304146,,0.0020510123586642125,,19.840869464384433
2018-11-19T00:00:00,1542585600000,,21.486533816698387,,462.6645514146478,,5.018546436209375,,0.00021035655435963958,,18.287326073724284
2018-11-20T00:00:00,1542672000000,,22.136564531232175,,392.43427349378584,,5.083737970445422,,0.0006310586008028468,,19.527954089258536
2018-11-21T00:00:00,1542758400000,,21.197479343604886,,369.89857308137294,,4.92406128387617,,0.0,,20.413399746469572
2018-11-22T00:00:00,1542844800000,,21.62825095447489,,395.0223854433264,,5.035112014865197,,0.0002980051186761561,,22.04456404548321
2018-11-23T00:00:00,1542931200000,20.059482078630722,21.04850125966942,32.6429306152983,326.6015729766953,46.39222928745091,4.895491283389511,0.004161211894520292,3.62437026566634e-05,27.274583942448288,21.70841230521244
2018-11-24T00:00:00,1543017600000,20.180815336451232,21.281030759026496,146.27083406373802,354.64587606275745,46.085878063317324,4.841651327899027,0.0,0.0,28.465375070338187,25.556677996996292
2018-11-25T00:00:00,1543104000000,20.39739135224324,21.62756892333579,195.49337353621766,358.97063773095397,46.028977631302155,4.973582722715002,0.0005960311338615806,0.0,29.31995278502838,26.009047089730423
2018-11-26T00:00:00,1543190400000,20.53481169731986,21.751517471726743,164.65896500946639,383.27078622140414,46.77019493724143,5.056814795337015,0.0052415679124886054,3.5060040319046367e-05,30.373655294671515,26.505257478764644
2018-11-27T00:00:00,1543276800000,20.70877893269532,21.66955584264343,367.5554114223609,345.79791392760103,46.640675945728006,5.060601279691472,0.008151316481436034,0.0,31.73184438449397,27.826240633204627
2018-11-28T00:00:00,1543363200000,20.690460474833916,21.91079348549854,245.18313291028292,365.7253922342011,46.437716930196686,5.066351126303795,0.008414262174385583,5.259006047856955e-05,31.745131948638445,27.47045851730947
2018-11-29T00:00:00,1543449600000,20.777849573133302,22.1641317655938,364.5431756827823,375.36087299500394,46.49325106054763,5.118537996318696,0.02192967079199243,0.0,32.095624475004676,27.928412743393803
2018-11-30T00:00:00,1543536000000,20.684637254732955,21.952538616045477,137.71463380429827,404.885092732181,45.627335834239034,5.040300809872734,0.0,0.0,33.04554581278542,29.96428491861695
2018-12-01T00:00:00,1543622400000,20.88325422331355,22.485261082235468,247.92616614370607,369.28448971005855,44.85056181744877,5.0266977526908105,0.0,0.0,33.788788321183425,30.82614370364191
2018-12-02T00:00:00,1543708800000,21.27492553997277,22.386230674510674,111.48480173894751,328.5149528450724,44.18495600042071,5.0,0.0,0.0,34.855418465421096,33.61848853026709
2018-12-03T00:00:00,1543795200000,22.122353390515663,22.843553387112532,446.5922549655523,453.2433692698747,45.157705590519434,5.070032430537295,0.018459758427852673,0.0,40.62378562998266,39.03751429643814
2018-12-04T00:00:00,1543881600000,22.16866989816508,22.81573696465818,449.08556552836404,370.64410553072133,44.02831147885843,5.148461740731002,0.012306289881494986,3.5060040319046367e-05,38.23510272793295,34.65446241340166
2018-12-05T00:00:00,1543968000000,21.88810740619946,22.671458712793857,405.7860248229437,448.0791627955896,44.13729752471776,5.089312321419181,0.010675969427108899,0.00010517643346714113,36.05831633850615,32.103468852814075
2018-12-06T00:00:00,1544054400000,21.79821200678738,22.77436326564697,320.3036778627025,357.352130699248,43.928195778697145,5.074114326783179,0.010675969427108899,0.0,38.781389876958755,35.596951472927884
2018-12-07T00:00:00,1544140800000,22.22113587707712,22.56449346258493,357.76555351038655,350.3146232864706,43.28491541765273,5.105546401149949,0.010167411692523446,0.0,38.252623306890975,36.291538310511534
2018-12-08T00:00:00,1544227200000,21.745700823643194,21.687091291324833,124.56104829520554,339.2302527784595,41.402313962661054,4.988237562668724,7.012008063809273e-05,0.0,34.416388881742535,30.11593967220816
2018-12-09T00:00:00,1544313600000,21.37180247400862,21.352246419343675,135.97530020159522,357.721159745473,42.102059777368744,4.930758847967465,0.0,0.0,33.7321744979175,30.908967975981092
2018-12-10T00:00:00,1544400000000,21.250918536250914,21.12343766096023,404.81185359183814,419.1743886405469,43.624022718507874,4.875852397230257,0.005697156680573572,0.0,32.33214594509292,28.313901307992655
2018-12-11T00:00:00,1544486400000,20.540972848230684,20.406941853419504,214.67914804102026,370.3544157346703,43.87683407835919,4.4286365389334925,0.005276536068016478,0.0002278862672229429,30.0784941522901,26.28755399192219
2018-12-12T00:00:00,1544572800000,19.965803971425586,20.168353082404586,230.41178017354719,321.7685511438338,44.853834691909896,4.327951617144359,0.004154614777806994,0.0,28.42578305342998,24.20978357490769
2018-12-13T00:00:00,1544659200000,19.7607039093942,20.377229349551378,276.11434631700735,385.07232632741426,45.804859236405704,4.411590442968079,0.015320969042527083,0.0,26.843081009620764,20.644650841431314
2018-12-14T00:00:00,1544745600000,19.628134730503866,20.665542665329408,162.02927410731502,412.7425105614669,46.33307623538486,4.652304240363209,0.0035234105211492278,0.0,24.592767322696826,18.302971256252157
2018-12-15T00:00:00,1544832000000,20.114429029581245,21.73348292692254,185.86137260057848,355.8684242817326,45.96476465947936,4.972426245026031,7.012008063809273e-05,0.0,23.86410389820881,17.16717266864667
2018-12-16T00:00:00,1544918400000,20.295016247647933,22.10690698672807,202.13366640371638,351.9704273743996,46.53349110351477,5.027416470918206,0.0,0.0010693124846615013,24.680021052929362,19.845975193407117
2018-12-17T00:00:00,1545004800000,20.87128978174624,22.06257533620854,337.3047189987028,350.2003681304233,48.04477088665288,5.1150845823472695,0.013427760053290327,1.7530020159523183e-05,28.94015355767673,24.393654079539235
2018-12-18T00:00:00,1545091200000,20.77929667244201,22.272680752909825,349.587704228315,359.8414907790478,47.42293668045719,5.073118995862843,0.008432087511394713,1.7530327466517075e-05,29.077273722325558,23.375482051505102
2018-12-19T00:00:00,1545177600000,20.586796410903577,22.144868199076534,181.18599351389256,357.6955736699097,47.10316416863879,5.113857480936103,0.0039267245157331935,3.5060040319046367e-05,29.191688990921048,24.3587202428737
2018-12-20T00:00:00,1545264000000,20.900907713300928,22.334553135439084,253.1939160697516,399.0255409262499,47.04559264919808,5.129859128993647,0.0034802143370099617,0.00014731608507503912,30.88657642098772,27.34534218804567
2018-12-21T00:00:00,1545350400000,21.068306857022865,22.411062837468116,160.84087197330115,486.8843049539634,46.93817605150418,5.1787261236952356,0.0065563681980638595,0.00014201519562593199,32.8718550143325,30.380255250209135
2018-12-22T00:00:00,1545436800000,21.531451901241695,22.792917773663582,102.50834414332293,734.7392188486081,46.20278371840269,5.0056798260991515,0.0,0.0,34.639955579074744,32.493673169640466
2018-12-23T00:00:00,1545523200000,21.255016181759228,21.77375270572814,105.49301428696643,328.34845563229675,44.60929091068455,4.9951092101111385,0.0,0.0,34.987751671851846,34.64404512505768
2018-12-24T00:00:00,1545609600000,21.171065339365718,21.394709401678607,150.782894506188,344.0494346568499,44.122900816884616,4.874695415899728,0.0,0.0,35.34671678126153,32.68057315126603
2018-12-25T00:00:00,1545696000000,20.57881358910028,21.740398093454363,151.24017459594012,357.31110526777104,44.38179714616275,4.985975983872382,0.0,0.0,31.613052577201394,24.769227854945782
2018-12-26T00:00:00,1545782400000,20.101293696850625,21.67207014280261,99.57133841703919,330.315727658381,44.97025155578929,5.001945798127827,0.0,7.01188514532132e-05,29.228228622444547,22.092567374937556
2018-12-27T00:00:00,1545868800000,19.77293059791041,21.608535327629852,125.35187392630509,339.58217929390315,45.57918171300354,4.9994565789012375,0.0,0.0,27.881010098539754,20.424953489347388
2018-12-28T00:00:00,1545955200000,19.831131565402607,20.363927552172015,88.12952931895872,332.5578480524489,45.86927863967043,4.541107176664446,0.0,0.0,27.69255148795435,22.228655785099637
2018-12-29T00:00:00,1546041600000,19.922995402987407,18.36890535380527,124.47556358026856,348.27608028749233,46.1023209339831,4.001753002015953,0.0,0.0,27.422371455104532,25.15617150032444
2018-12-30T00:00:00,1546128000000,20.137281994805765,18.2450720714126,161.9733898958735,341.09394173123445,46.279756687585454,4.009360866669004,0.0007362479402587386,0.0,27.56769978551641,27.668537648844318
2018-12-31T00:00:00,1546214400000,20.509697814148563,18.489666057295445,95.41278662085408,330.60308528354807,46.19349975457541,4.003453413971426,0.0,0.0,29.271790097065907,32.18196684009553
2019-01-01T00:00:00,1546300800000,20.368702605160077,18.02486367596521,105.86317339550865,341.96639612950725,46.085058639973354,4.000017529405578,0.0,0.0,30.579159581869998,34.52796288913461
2019-01-02T00:00:00,1546387200000,20.503302668129198,18.130782262492314,213.02462967832412,376.0803211443397,46.144061705670964,4.008992742698875,0.0,0.0,28.69816468234066,27.446376683513652
2019-01-03T00:00:00,1546473600000,20.09846814127978,17.288949469849978,137.41460550072748,359.0962556533324,46.76224867214753,4.039476913368159,3.505881115571371e-05,1.75297128633033e-05,26.74793431167379,26.484987641343796
2019-01-04T00:00:00,1546560000000,20.10751000746612,16.590412918853932,218.54437569022033,362.74953985310356,46.980419653969534,4.010903290269427,0.0,0.0,26.31463527159534,27.830459060373382
2019-01-05T00:00:00,1546646400000,20.156533921111397,16.078943788688694,73.94711285629141,324.5034971164128,47.12072713248957,3.999526706049398,0.0,0.0,26.702766254423576,29.624201220433935
2019-01-06T00:00:00,1546732800000,20.268891621843,16.048835331612903,110.99077937103391,344.58919838028294,47.135697507274834,3.9993338825880413,0.0,0.0,27.9626792282074,32.22849398359591
2019-01-07T00:00:00,1546819200000,20.316211839267577,18.651593546644524,216.3418413855971,363.35429302668024,47.91059532992076,4.157153875819514,0.00257695813757801,0.0,29.404859386631603,31.488171082912476
2019-01-08T00:00:00,1546905600000,20.080038493675776,20.730598103952865,326.9978788675607,357.94108263506644,48.1249890437374,4.606878659327561,0.011078972740818652,0.0001928268414963363,29.97100548006523,26.412940454270718
2019-01-09T00:00:00,1546992000000,20.059360097704076,21.207466280700263,355.9100885266018,450.2146588598275,48.15524585853274,5.047577308744128,0.00985187132965203,0.0009992286655914732,28.791645280020674,25.874442535365883
2019-01-10T00:00:00,1547078400000,19.9730123591283,21.309918127884785,313.6625997019897,346.16344704273746,48.045981242878426,5.027889773165516,0.0029450433867998947,0.0,27.498895518152207,22.391200026627263
2019-01-11T00:00:00,1547164800000,19.675742877777854,20.78796764323359,242.90108156432416,375.83602706587664,48.249758970673305,4.740122006801529,0.0021561168860763933,0.0,25.70306417531511,19.631823315617247
2019-01-12T00:00:00,1547251200000,19.55990521914117,20.67788068443858,116.24996932354024,349.36735910246296,47.77791996073413,4.545779647646595,0.0,0.0,26.54684039656929,22.811857322046222
2019-01-13T00:00:00,1547337600000,19.88228423454371,21.181183882323186,65.97144359716013,316.4109944431784,47.53498115522833,4.861307343067996,0.0,0.0,29.137859653830997,27.57970964177425
2019-01-14T00:00:00,1547424000000,20.472428212423363,21.764295011398847,405.48595018142936,434.7844158120782,48.463004189527936,5.117433605048646,0.008256350027170579,0.001244631431326146,31.27156030076253,26.868793055423772
2019-01-15T00:00:00,1547510400000,20.36399090483165,21.85969080074699,303.5441764252156,373.0950143748685,47.90542388331814,5.094400813407194,0.0055395834794193955,0.0,30.17921788163677,24.297132005230775
2019-01-16T00:00:00,1547596800000,20.372866677231478,22.329299643723257,350.96488675408455,384.93463055482516,47.792142907229504,5.1008502059777365,0.006749176074609074,1.7530020159523183e-05,28.818296424470372,22.271508436013253
2019-01-17T00:00:00,1547683200000,20.77451807378795,22.65779322005337,199.7769090526611,653.4414213838683,47.295771685015076,5.1770418806865,3.506065493303415e-05,0.0012622057044685588,28.777331666034932,23.201609298891697
2019-01-18T00:00:00,1547769600000,20.593384182542597,22.493436553753924,355.90582708084986,696.9776663628077,47.73118995862843,5.173076923076923,0.004645536778627024,0.00012271229226561953,26.8773297055491,19.516247207357257
2019-01-19T00:00:00,1547856000000,20.285527278242462,22.124737559099263,252.3858357437111,394.3621224604274,47.25968971864317,4.896962154013357,0.0,0.0009465879012042702,25.12403187089322,17.266610020773875
2019-01-20T00:00:00,1547942400000,19.806582264411627,20.26049171700926,145.9450959768604,370.75198962241,47.893627837672014,4.214861690565509,0.0,0.0,24.15415393974123,17.74769648884388
2019-01-21T00:00:00,1548028800000,19.78636350639237,20.921423049552015,396.598352178105,430.09518634084776,49.27832413007275,4.424832591242155,0.007152248225085459,0.0004382428215825825,22.877242552056533,16.538244587239213
2019-01-22T00:00:00,1548115200000,19.381798592118653,20.502676735777584,259.38881584713823,381.7869438698594,50.02839863265843,4.638484731620096,0.00974669120869489,3.50594257266066e-05,22.58127271043856,17.498327664062117
2019-01-23T00:00:00,1548201600000,19.763111676692503,21.416390145973903,328.9802787273205,386.13837955334293,50.15549127881497,5.132419450969393,0.007012008063809273,0.0001227079900431231,23.10438247240648,18.205604323154535
2019-01-24T00:00:00,1548288000000,19.79618902634058,21.494421748515162,268.40996739473405,371.7986011289135,49.95484345966413,5.079584896399397,0.0024366300879991587,0.000175297128633033,22.19635030395189,16.303444582596068
2019-01-25T00:00:00,1548374400000,19.806628170041847,21.604450701889853,279.37656236304673,402.2102901218336,50.67555438688755,5.067753527916557,0.004154614777806994,0.006433517398545008,21.659339139672372,16.395503544295448
2019-01-26T00:00:00,1548460800000,20.11618022161379,21.60933483737996,182.18672977473923,391.3719344377246,60.6728898238233,5.053834691909896,0.0,0.0,22.827529149001567,19.351506736207693
2019-01-27T00:00:00,1548547200000,20.64288724427345,21.605092412142973,191.10288368831624,391.6511876588658,67.15082829345253,5.026032079936892,0.0,3.5060040319046367e-05,25.1396704453174,23.292647893067905
2019-01-28T00:00:00,1548633600000,20.909177078587856,21.42132170328867,408.28977631302155,386.32593566482603,59.144537549961434,5.083320185818214,0.00971180141645046,8.765010079761592e-05,25.736449062552577,21.86249631115531
2019-01-29T00:00:00,1548720000000,20.752526288247587,22.487513602587317,306.79755205402364,322.58742312793925,54.89147037543211,5.106857188793762,0.005205402363534046,0.001045058081112585,25.317658160869232,19.56825638051211
2019-01-30T00:00:00,1548806400000,20.337559056359385,21.90038412336341,133.90905469239087,299.5432945394531,49.715781685732175,5.054064820874712,0.0010813271868419555,0.0,24.43332195455664,18.457544845966616
2019-01-31T00:00:00,1548892800000,20.31776516534998,22.218054353358063,304.2372729822593,398.1096152160575,50.1408912418484,5.073538434569199,0.00329570156370521,0.00015777018143570866,24.415677419426682,18.904696285472827
2019-02-01T00:00:00,1548979200000,20.61331925921691,22.037087271235432,127.30794986414234,372.58260290302223,49.52725041633798,5.048839492321717,0.0,0.0,26.332129033974986,23.137798847051098
2019-02-02T00:00:00,1549065600000,20.987473241135117,22.345116133074985,243.16243031939138,387.27731225019284,50.50399677453283,5.002349063880513,0.0,0.0,27.255909183861828,24.758863442275644
2019-02-03T00:00:00,1549152000000,20.842032734042018,21.920343256711394,150.96644812957965,372.61518099745814,48.64642569154717,5.0024016127618545,0.0,0.0,27.127360345571432,21.59727230949713
2019-02-04T00:00:00,1549238400000,20.690670410920205,22.900204966480608,381.6505153916275,416.57947971812223,50.18256083023631,5.222101461978053,0.0056097047892854635,0.0021561546821863057,25.649523217450202,18.41174323962622
2019-02-05T00:00:00,1549324800000,20.662053868359497,22.381100955909304,310.09953719935487,429.95273906564995,50.87844470934717,5.068542378823736,0.006714115419676039,0.004014374616530809,25.00699816016945,18.767385361716837
2019-02-06T00:00:00,1549411200000,20.49758784451026,22.232666043609832,367.3771233236918,430.440952197311,50.54621789815058,4.926762143495714,0.011587343325444824,0.003944116255017793,24.745581605877653,18.442037251628093
2019-02-07T00:00:00,1549497600000,19.986328195549664,21.362682719913234,173.8144272065913,404.6322616835536,50.1329126128495,4.931441292991621,0.006591287579980717,0.0,25.17583489974319,20.45941334876122
2019-02-08T00:00:00,1549584000000,20.36057674044511,22.224351164452216,297.9147690419844,436.1750227894257,49.89781751249014,5.069507748404741,0.010973792619861512,3.506065493303415e-05,27.875817421381434,23.08451020397467
2019-02-09T00:00:00,1549670400000,20.957972590043877,22.321758603925968,243.3404971426568,420.0585863543931,48.55919784033937,5.007134843278872,0.0,0.0,27.28666325884013,23.00652651729628
2019-02-10T00:00:00,1549756800000,21.29779299658201,22.21815798806071,134.32842492768867,406.0163908561812,48.32209659041108,5.0041196269546315,0.0,0.0,27.556245013576458,24.65259802126632
2019-02-11T00:00:00,1549843200000,20.977892808883258,22.363619829910604,270.5655885704269,432.64817249539834,49.332491892365674,5.245718292576036,0.00545183626961171,0.00047331054430712596,26.986938354220687,22.304279043856486
2019-02-12T00:00:00,1549929600000,20.61345451281554,22.320829357842427,355.6849800154267,441.74439029521074,49.49609073697496,5.102622536988991,0.005171446602622537,8.765163733258537e-05,27.495431506176516,22.1301258653371
2019-02-13T00:00:00,1550016000000,20.51353139928309,23.449485487481947,252.7124375493032,442.3018318871067,49.20976422122885,5.520361118415286,0.0052064159873783855,0.004119554737487948,25.834244891038043,21.576027667172397
2019-02-14T00:00:00,1550102400000,20.506300249378246,23.04280304144325,200.80445605300986,438.93825926899814,49.05446481786628,5.186905074940836,0.0020860358307330925,8.765010079761592e-05,25.392876001526613,19.925215163537253
2019-02-15T00:00:00,1550188800000,20.637672044351294,23.042967826668725,209.32831974756772,443.7744061705671,49.130335699886054,5.252379700236656,3.5060040319046367e-05,0.00014024016127618547,25.4086633464082,19.60533080390651
2019-02-16T00:00:00,1550275200000,20.768880630895733,23.1438268288522,212.58720308528356,444.2963099307564,48.67467788587957,5.19559996493996,0.0,0.0,25.515379158960904,19.590945731815108
2019-02-17T00:00:00,1550361600000,21.057618657633665,23.34390122154369,220.99738798120748,495.6290582708085,48.46365963116191,5.5811829464974405,0.0,0.0,25.395940024975967,19.670822517842264
2019-02-18T00:00:00,1550448000000,21.161678759114338,23.35065131898369,203.5411436785639,447.5427294241388,49.034867821330906,5.273731264790954,1.7530327466517075e-05,0.0,24.84732136901252,19.306051363373673
2019-02-19T00:00:00,1550534400000,20.981361765531755,22.119792113299205,84.0249574688251,441.0347791009699,49.197449883368115,4.984706315660242,1.753862882999807e-05,7.015451531999228e-05,26.210766909765045,22.939956442514497
2019-02-20T00:00:00,1550620800000,20.62298707048401,21.82419497951093,195.11012358664212,449.19254974143223,49.31648698396003,4.821859935138925,0.0,0.0,27.856117160832895,24.81015860575695
2019-02-21T00:00:00,1550707200000,20.490864934598058,20.979900373952855,46.02533228701751,225.87777423547587,48.713374858992594,4.651224955244378,0.0,0.0,28.705480842032788,26.151470216647773
2019-02-22T00:00:00,1550793600000,20.722509668254794,21.251333103853664,105.44520211758932,439.09741432202645,48.55304491112435,4.707301253396442,0.0,0.0,31.293890784115526,30.382641833072395
2019-02-23T00:00:00,1550880000000,20.186738485382612,20.805483258849243,195.67182049259355,458.14391894260774,47.85469366289771,4.41450759036567,0.0,0.0,29.668116369188088,24.048329420169633
2019-02-24T00:00:00,1550966400000,19.721796686996846,20.69019740402617,221.86696467700938,465.68698944711286,48.259952668945566,4.420099568769063,0.0,0.00026294569294954946,25.420792295395916,16.140718021044428
2019-02-25T00:00:00,1551052800000,20.18019637934467,21.412979024801423,265.5481987904286,469.0645794621884,49.54108160224384,4.608877046593977,0.014620036813042334,0.0006310696630789188,24.17650800071848,17.24852575291358
2019-02-26T00:00:00,1551139200000,20.458158643506,21.774494202371123,250.33810742584672,467.19927777583,49.191080569385036,4.727781088945763,8.765163733258537e-05,0.0005083616730357956,25.63672601219548,21.54764933737081
2019-02-27T00:00:00,1551225600000,20.840253111139337,21.31358245893478,375.7910384965991,463.7191641539864,49.31342472477386,4.795421078465746,0.003821611387700722,1.7530327466517075e-05,27.002261438524226,23.989040027551802
2019-02-28T00:00:00,1551312000000,21.011155974023644,21.000210278591545,343.42004697963046,433.44028398632656,49.23328541878484,4.739819440792357,0.008624618728745223,0.0,28.64636604168119,26.61608029142439
2019-03-01T00:00:00,1551398400000,20.94837407521627,20.534419015201696,156.0014725216934,401.9869581222501,48.55298448593216,4.53557592862026,0.01206065386975195,0.0,32.18317660695257,33.17645612756763
2019-03-02T00:00:00,1551484800000,20.006999283916166,19.47944187312219,126.54717080353386,445.25522367129435,47.44097952601318,4.0248913195905205,0.0,0.0,32.11740092759111,32.37908406833365
2019-03-03T00:00:00,1551571200000,19.42640372081071,18.831819796902398,119.22580588616803,459.41806612207694,47.47047275149433,4.478648809732497,0.000771266805728409,0.0,32.234927790750326,33.626098223631615
2019-03-04T00:00:00,1551657600000,19.972849979058925,19.70999379060638,319.3873190057147,441.97442370058724,48.76953686498615,4.40843193969673,0.004855730463135014,0.002384082741695153,31.16341889645581,30.22587250331625
2019-03-05T00:00:00,1551744000000,20.119354777069052,19.531996995040338,437.50821281444473,466.81783122392454,48.285055657814006,4.300897521298601,0.007835919011306864,0.0015601444448339937,31.38289073008222,29.794821721275472
2019-03-06T00:00:00,1551830400000,20.327961729773424,20.370323454557372,361.2967254496371,476.997913927601,47.55323773796585,4.449802787273206,0.00865967815447183,0.0007012008063809273,32.09308983322297,30.180434733426
2019-03-07T00:00:00,1551916800000,20.697516097864646,20.687655381389856,286.49442555130946,474.24505215181,47.313957157381765,4.504864580594267,0.007309890263997476,7.012008063809273e-05,32.53015821011752,29.81789462630949
2019-03-08T00:00:00,1552003200000,20.853712002331832,20.722049282614634,355.66875273906567,481.68680865983,46.88353054606013,4.538644929441669,0.009063020422473487,0.0,30.755887539161684,26.576362508953856
2019-03-09T00:00:00,1552089600000,20.002678509639928,19.402976550339723,56.27829394853096,475.2045892788276,46.103393871397515,4.009588752936227,0.0,0.0,30.52265622934965,30.653139591634982
2019-03-10T00:00:00,1552176000000,19.87272242144648,19.91418489864689,187.673532350518,464.342267643656,46.92090732203271,4.362742348280335,0.0,0.0,32.20990061684303,31.68349754889324
2019-03-11T00:00:00,1552262400000,20.108289985212043,20.02715928312334,264.0983609431151,480.2642299938645,47.473030063984574,4.425032868787799,0.0037689543342974844,0.0036462441931808223,27.803390290077004,22.038518660053256
2019-03-12T00:00:00,1552348800000,19.980650659890227,20.265282368052286,320.10382848928936,490.29304420993583,48.070749921116295,4.590278021246012,0.008291554184342461,0.04745293272096203,26.098874693569194,22.241769729095076
2019-03-13T00:00:00,1552435200000,20.228765180729702,20.594106468329745,372.5412569024454,482.986922604961,48.476746428258394,4.4957840301516345,0.010325181873959154,0.012604084494697168,26.867769340971872,24.8909790222291
2019-03-14T00:00:00,1552521600000,19.954451915578133,19.934079025848476,182.94995179244455,748.9844330692098,48.31652204400035,4.304151181544071,0.0055570163905688495,0.035744337704228316,29.647431073225142,29.09656760191217
2019-03-15T00:00:00,1552608000000,19.876621885832147,20.215388161078984,237.2647033044088,782.6938678914522,48.36823560347094,4.200441764252156,0.010079761591725831,0.03032746651707454,35.48489283393608,35.1362563002102
2019-03-16T00:00:00,1552694400000,20.008609019287924,20.529306753022986,284.06302042247347,505.55110877377507,45.69702866158296,4.252309580156017,0.0,0.0013848715926023315,35.60541516649325,33.87026206454634
2019-03-17T00:00:00,1552780800000,19.69429593530339,19.331848622129073,180.17352358581522,504.85129283898675,45.63763212789454,4.0302743448154965,0.00012270583904499797,7.012008063809273e-05,33.18956146321815,30.507387116684882
2019-03-18T00:00:00,1552867200000,19.65392416881234,19.80148657091377,314.4725742834604,508.94266030922415,46.69573144009116,4.2024681835711535,0.012288544131825752,0.017687480279073027,31.08233668156558,27.244244972678107
2019-03-19T00:00:00,1552953600000,20.17963900252222,21.00383195999952,403.4936804277325,507.1531948461741,47.35947059339118,4.593917083004645,0.030151634674379875,0.029643264089753703,30.264910103731626,25.655358037715395
2019-03-20T00:00:00,1553040000000,20.580839332746145,21.393009040746254,324.0601114928827,511.8442282408625,46.63181053222074,4.55072311333158,0.009869574363649113,0.010202471732842493,27.699919428383016,21.12888592681497
2019-03-21T00:00:00,1553126400000,21.083816008860794,22.034127531370114,334.49369795775266,516.501323516522,47.142711894118676,5.106600052590061,0.02818827241651328,0.05500920326058375,26.428815987555463,21.282082642755768
2019-03-22T00:00:00,1553212800000,21.391480258082733,22.374458664934142,323.62521912909335,512.3555789289157,46.61776873992006,4.771566307301254,3.506065493303415e-05,0.0020685423788237354,25.878434203013942,20.87567368673812
2019-03-23T00:00:00,1553299200000,21.685796928124894,22.14536409679152,326.5949267232312,511.1535508300756,46.16908000841456,4.713952632224813,0.0,0.0,26.777073697867948,23.406994770137587
2019-03-24T00:00:00,1553385600000,21.70712274084243,21.859945837999373,324.1426993671441,502.1986151284074,46.34055011131953,4.619195372074678,0.0,0.0,27.872441860322223,26.614048591183785
2019-03-25T00:00:00,1553472000000,21.53207361082084,22.091115648403264,405.62416730944534,505.22684243741674,47.73373185611107,4.795245775191081,0.017845873360914383,0.011938153004698127,26.113955859423736,21.904540330712837
2019-03-26T00:00:00,1553558400000,21.402477090233848,22.54733636468056,383.8079026716219,516.5644841791568,48.171569314914805,5.000087650100798,0.02450739779819087,0.013690945744587606,26.85336062634161,21.909697625689088
2019-03-27T00:00:00,1553644800000,21.424742419608855,22.425511866095324,346.4187644625202,521.3993057990323,48.30998878059042,4.924023560760115,0.012148516934296333,0.007362737535937172,27.009113876943825,21.990361807047254
2019-03-28T00:00:00,1553731200000,21.738722626402755,21.93442967319027,336.6235362176565,545.2054904985625,48.341368066755486,4.707699319823294,0.005048734310356917,0.01013252927564687,26.730825451679095,23.357118970021553
2019-03-29T00:00:00,1553817600000,22.086735136914978,21.17166274026688,348.1244806731528,548.5808572179858,47.78622140415462,4.833307038303094,1.7530020159523183e-05,0.0340257691296345,28.47661325570233,30.123593639915775
2019-03-30T00:00:00,1553904000000,22.338910270093344,23.158600432233634,347.82091017460203,553.3307622186383,46.800241918519035,4.893205245073978,0.0,0.00024542458453123906,28.485092201738468,24.818340237416006
2019-03-31T00:00:00,1553990400000,22.53927634366828,23.512755058079396,349.4144665334315,557.1257800995722,46.559412362820375,5.029591192763481,0.0,0.0,28.066792820300883,23.646290589662865
2019-04-01T00:00:00,1554076800000,22.671233331541707,23.28167379291134,348.26905074940834,530.6202405160928,47.2831974756771,5.111843489236379,5.259006047856955e-05,0.02678634036883809,28.915801629210158,26.94615386543999
2019-04-02T00:00:00,1554163200000,22.716695634893913,23.000629420200628,347.0600403190464,518.5122271890613,47.9234288719432,5.109860636339731,0.009571391007099658,0.009448680865982996,28.021826620249882,25.07567188962752
2019-04-03T00:00:00,1554249600000,22.375915490029332,21.648665034471087,318.2318871066702,440.69629240073624,47.61358576562363,4.90258567797353,0.00820404943465685,0.01514593741782803,30.534614844183864,30.490807304579597
2019-04-04T00:00:00,1554336000000,20.99437839986106,20.652516364934243,225.17634582011323,523.546480848453,47.76784055252686,4.5168551143833815,0.003628586954616369,0.03649750197212727,30.505696987201784,29.95337197846018
2019-04-05T00:00:00,1554422400000,20.615072492847318,20.505881311716006,368.152636561251,530.1234267082705,47.896185400743285,4.503050170038215,0.016864175022789425,0.035462609122462574,31.187406136272216,30.286186473907822
2019-04-06T00:00:00,1554508800000,20.600683573715585,20.900785227128672,381.7213652140378,556.6810763432378,46.64172772849981,4.387606275747217,0.0001227079900431231,0.00017530020159523183,31.195224755409576,29.94996407711388
2019-04-07T00:00:00,1554595200000,20.465732786576268,20.317067045226437,285.70388809031306,535.0111138379553,46.317620867370195,4.180643691056341,0.0,0.0,32.57067270195008,33.757630483785604
2019-04-08T00:00:00,1554681600000,20.997270423146215,21.00998852342192,414.4218248750986,553.0620212113243,46.71326146025068,4.484845297572092,0.006398457358225962,0.007310018406521167,35.843609476570116,36.6646155294585
2019-04-09T00:00:00,1554768000000,21.189722384682607,20.647821944881482,310.76632483127355,545.3952668945569,45.732158821982644,4.33894293978438,0.0020159523183451663,0.010447892015075818,37.97985620517883,39.5256971856277
2019-04-10T00:00:00,1554854400000,21.296662538013795,20.760463866629802,160.9536165541724,323.3980008874565,44.528318191372584,4.584623648380392,0.005395053366653432,0.046077675798127,38.303692565265095,39.84244377011328
2019-04-11T00:00:00,1554940800000,,,,,,,,,,
2019-04-12T00:00:00,1555027200000,,,,,,,,,,
2019-04-13T00:00:00,1555113600000,,,,,,,,,,
2019-04-14T00:00:00,1555200000000,20.335801367935662,20.804857821421322,261.2531510211237,545.4097259961783,45.77123323691822,4.259611170520484,0.0,0.0,27.52751678508926,22.78872951413744
2019-04-15T00:00:00,1555286400000,20.709887089956254,22.19941106955021,437.75675344026644,566.3849835214921,46.81367341572443,4.776032536287778,0.004522745201156982,0.007783465395133581,29.09759489633375,24.469963498172717
2019-04-16T00:00:00,1555372800000,21.39053360565407,21.988297008053323,383.2917923006802,535.0321851170129,46.26632073487133,5.161574195810325,0.0014024261973213659,0.054763782978350425,31.489139975174705,30.848524700120993
2019-04-17T00:00:00,1555459200000,21.834880044404958,22.448993679250194,371.047384475142,551.2458102517355,45.659315616015704,4.958681018161419,0.0038917326975667905,0.006486221162611318,36.67345206475544,36.59940737098441
2019-04-18T00:00:00,1555545600000,22.6368727336706,23.52520298897222,434.2858445087212,578.1623805767376,44.81356823560347,5.134893505127531,0.00776579893066877,0.006205627136471207,33.83682008272342,29.143460388210343
2019-04-19T00:00:00,1555632000000,23.407204902716465,23.927476112920214,279.5321412919625,580.0403709287242,43.18124287842931,5.115608456333486,0.0,0.000175297128633033,32.62807100830827,28.699207714955342
2019-04-20T00:00:00,1555718400000,23.753152725115406,24.23093396210836,267.04696292400735,586.4943377042283,43.045683232535715,5.187854989131197,0.0,0.0009115770282588879,31.920331338900336,27.05810246388346
2019-04-21T00:00:00,1555804800000,24.041781762314834,24.16195636775682,261.66704649042845,579.2938557279341,43.11766355795526,5.188167236392322,0.0,0.0,30.879780506738296,25.680816821448484
2019-04-22T00:00:00,1555891200000,23.96550365056547,24.172560156522664,355.5819140615144,736.9564745660073,43.387505361693535,5.218131812676625,0.0,7.569640694388373e-05,30.35658169882762,25.412568206790958
2019-04-23T00:00:00,1555977600000,,,,,,,,,,
2019-04-24T00:00:00,1556064000000,,,,,,,,,,
2019-04-25T00:00:00,1556150400000,23.937833773437067,24.513263349169037,481.3359736310908,662.3058153201492,45.274676137670234,5.472967448515509,0.010629327746122595,0.01428279421534059,35.11548937002115,32.2304153705546
2019-04-26T00:00:00,1556236800000,23.164442093740767,22.063393694663386,346.0070120080638,570.9524761153475,44.38513454290472,5.027977912174599,0.004855815584187921,0.021789815058287317,34.62550448326467,34.700099853454105
2019-04-27T00:00:00,1556323200000,21.991245270109754,21.431694792443963,139.20021386999508,603.9804186242199,43.59389243391067,4.606759694271089,3.506065493303415e-05,0.0,34.21968293542757,33.63600018438889
2019-04-28T00:00:00,1556409600000,21.536107505742436,22.465311488424806,226.86426743329943,617.844508721185,43.78299968446517,4.8570426855990885,0.0,3.5060040319046367e-05,32.61145392882892,28.58122197479775
2019-04-29T00:00:00,1556496000000,21.598341489496466,22.246942629445343,301.2386186344114,601.0940151462029,44.951301603996846,4.986764602762779,0.005714786572004558,0.009431316176986186,31.869930739648943,28.026435693294534
2019-04-30T00:00:00,1556582400000,21.894709393199218,23.285166193624143,299.97815721197674,583.912525199404,45.443289390645816,5.348496800771321,0.011429773508169132,0.016811289332982732,35.071185394604356,32.4946935913316
2019-05-01T00:00:00,1556668800000,21.83987248481369,24.094425514041305,195.51488324801906,630.2280830922956,43.24712502629549,5.248856166184591,0.0,0.0,34.70735556393367,29.511175320210953
2019-05-02T00:00:00,1556755200000,22.393122624734875,23.060946640427915,281.4988868046912,582.3314926812166,44.10087127254878,5.167569462704882,0.01316550672299844,0.005294066088176001,36.02115786786338,33.26767640168582
2019-05-03T00:00:00,1556841600000,22.323687071319082,22.819787923254655,403.17267372554517,601.6157419581033,43.485537479840126,5.096590411078973,0.006451160507678283,0.006082916995354544,36.07652345327933,33.20848093065437
2019-05-04T00:00:00,1556928000000,21.493997850968945,20.297943691244033,58.177281093873255,601.517512797139,42.69688842142168,4.2497896360704015,0.00017530020159523183,0.0,34.258234896155386,32.80682270269927
2019-05-05T00:00:00,1557014400000,20.58453336965297,20.771222224468588,122.42822333245684,634.7326274454807,43.391813480585505,4.3562162541196265,0.0,0.00012271229226561953,31.56647202301761,25.55264179452958
2019-05-06T00:00:00,1557100800000,20.781949204819284,21.162579792193366,300.51405031115786,615.8417712642872,44.66139013059865,4.58088493093051,0.004575335261635551,0.010097468620713835,29.963118527064932,26.062846230621318
2019-05-07T00:00:00,1557187200000,21.252509558812942,22.577739970796564,395.9683396735796,623.6688170535026,45.15335799309293,4.884142065773789,0.004908577739599951,0.021492181473949934,29.28056902805439,25.155394100071245
2019-05-08T00:00:00,1557273600000,21.090740807297244,21.03053204762715,118.11650247168951,596.8551494434219,44.269221330154615,4.563800508370584,0.006994355432458016,0.0010693312297309142,34.531441379896584,32.14082220694239
2019-05-09T00:00:00,1557360000000,21.165945573572305,21.027908226357177,388.3276418203492,608.7925285744337,44.76251665381109,4.612509641680107,0.004557885141294439,0.006871888366874693,36.8167065778978,36.3032394940418
2019-05-10T00:00:00,1557446400000,21.357530917068758,21.489722180021708,225.89383633686276,623.4700850205978,43.921201178038004,4.699780874748006,0.004400112194095786,0.029993864492944167,38.44811374206093,38.73405562614891
2019-05-11T00:00:00,1557532800000,21.325173766655972,19.270556129535546,188.99342612720005,589.2278591964098,43.20014374868523,4.351605777995933,0.0012095925951896781,0.0,38.2634210383923,43.5014322178702
2019-05-12T00:00:00,1557619200000,21.133172098929315,20.189220655968377,283.00331317381017,649.504698127761,42.1285826978701,4.426302503330763,0.00014024016127618547,0.0004908491690624781,36.01054606397978,32.85443344404433
2019-05-13T00:00:00,1557705600000,21.47050229009962,21.449568765158908,362.5895871680252,657.1783886122993,43.71503199228679,4.8769721618399835,0.006170567096152161,0.004557885141294439,30.98018756926305,23.632914912056165
2019-05-14T00:00:00,1557792000000,21.944683913150698,22.067588214795357,274.57789737566395,658.745599887806,44.07750293638133,4.853919781221514,0.0039619234612485316,0.0036287777855690344,26.999226956210087,20.13824769399183
2019-05-15T00:00:00,1557878400000,22.256337054489155,20.96468868433497,371.6427669868873,659.7162891802819,45.202054554379075,4.737746301100905,0.013919080008414558,0.00827431456419606,25.69547190812316,22.45474545686996
2019-05-16T00:00:00,1557964800000,22.355344187759233,18.749476738320464,442.8852795259716,623.7889210272592,46.154532545623475,4.378578315365063,0.02243921252388549,0.019528442457708826,27.55984079588902,31.354760271778385
2019-05-17T00:00:00,1558051200000,22.57042998604199,20.937308043101485,426.3542528574434,631.7659350676671,45.79710398990253,4.828395624430264,0.010167589930579903,0.023858775681929737,32.09209737422615,36.66970063312451
2019-05-18T00:00:00,1558137600000,22.750893101444355,22.626295436257006,419.8407222368306,579.1127024752823,43.87802611973004,4.951072856040951,0.0,0.00019283360213168783,33.77459911620944,35.53663832923488
2019-05-19T00:00:00,1558224000000,22.34044609299867,22.571145095862644,350.8630355515041,581.5745564827151,43.56459925671412,4.972898113736765,0.0,0.0004031975317298927,36.26630147253595,39.322491426403026
2019-05-20T00:00:00,1558310400000,22.70007715338404,23.034236648090925,459.75786687235944,575.7627620783957,43.782357169153094,5.112211626113176,0.007134968357204214,0.010693499754575415,41.53273310184086,42.9675478430017
2019-05-21T00:00:00,1558396800000,22.25951990882204,22.0797065111062,219.25808600529425,537.7274862822783,42.38828602983714,5.03828690636888,0.0,0.0229125396630612,42.7685903288352,44.66231798469887
2019-05-22T00:00:00,1558483200000,22.467034003935375,23.626290243777543,526.103709417292,667.542423392469,41.91497791178739,5.145939976158755,0.013463291494285113,0.007345207208470654,41.23243092484164,37.59430961081928
2019-05-23T00:00:00,1558569600000,22.562812169203426,21.898211878384743,471.1134232070543,659.5572365191782,41.627491541468714,4.834443587406213,0.006311028522342794,0.02415679124886053,38.51731330978982,36.32861647590181
2019-05-24T00:00:00,1558656000000,23.05241479059967,20.297766769092306,457.5220798345108,730.7363258785942,42.351699595042334,4.377220447284345,0.01104429991409989,0.010543130990415336,38.28857186719039,44.35496801845563
2019-05-25T00:00:00,1558742400000,23.43307733293344,,465.9671996073069,,39.32309526313944,,0.0,,38.1334454240281,
2019-05-26T00:00:00,1558828800000,23.672791865216304,,467.7635075908979,,39.15243154167105,,0.0,,37.79300710134338,
2019-05-27T00:00:00,1558915200000,23.678271141169944,,374.7328378094103,,40.554186242199,,0.007871117032466167,,39.82635323949987,
2019-05-28T00:00:00,1559001600000,23.25727959840133,,419.8063040162684,,40.47946286135021,,0.010641095314061322,,38.34451198335462,
2019-05-29T00:00:00,1559088000000,22.598965657927025,,345.737829356801,,40.44215767052925,,0.005171537261364234,,37.21704153510273,
2019-05-30T00:00:00,1559174400000,22.36536286318304,,261.81279035113863,,39.68222218326525,,0.0,,37.329886334462735,
2019-05-31T00:00:00,1559260800000,23.183532064772365,,220.78886473599326,,39.67263866489026,,3.506065493303415e-05,,40.503558642699886,
2019-06-01T00:00:00,1559347200000,24.092994867957046,,179.53011710258747,,38.026856461678705,,0.0,,40.673911379477175,
2019-06-02T00:00:00,1559433600000,25.419051909628944,,180.9516688871748,,36.87360633896641,,0.0,,41.14776649044436,
2019-06-03T00:00:00,1559520000000,26.674425984109543,26.59336801879355,299.80706835519715,537.9194900454069,37.71853408295001,6.1550820817324485,0.018513260264637402,0.0,42.97077066363487,47.5766590983144
2019-06-04T00:00:00,1559606400000,26.915365638015352,26.72441012293998,506.1395789141525,666.3131552189615,37.684974492926386,6.20015076610217,0.015497081149308416,0.0,44.93445645579386,45.83433789268315
2019-06-05T00:00:00,1559692800000,27.69311222912141,27.09400464590472,506.9099626597479,644.1280743272855,38.25705169784198,6.493189587168025,0.01022036007923847,0.0,37.45900992396888,37.29969850009032
2019-06-06T00:00:00,1559779200000,25.63998771864187,25.371270665710124,299.9229676400947,678.8439182671227,39.06819258089976,6.225554678593353,0.011821450495483644,0.0001403139524686486,35.77833736553157,36.193682322593716
2019-06-07T00:00:00,1559865600000,23.97541202504775,24.542688146395516,273.1206787742795,612.0196690274174,39.57096276558446,5.565563424724774,0.0,0.004487763831428371,36.5899341052415,36.33002593679303
2019-06-08T00:00:00,1559952000000,24.067064050888835,24.48482892891239,408.4869749666924,679.5929561909437,39.63328307972793,5.471819504584261,0.0,0.0,28.539194329608648,30.321792273518664
2019-06-09T00:00:00,1560038400000,23.788895991905026,24.174787875788635,255.37782024087093,654.8512201107917,40.205038304437004,5.3088843699600305,0.0,0.0,36.266753083414926,33.95075038157993
2019-06-10T00:00:00,1560124800000,22.82500006572268,23.148101441568706,156.91557394292124,630.0799761579187,38.99666923778136,5.0084674450404965,1.7530327466517075e-05,0.0,53.3515041181595,46.705890491673244
2019-06-11T00:00:00,1560211200000,22.15756354856848,22.474696344888166,240.1468190663184,655.070297845485,38.66812755289869,5.062286345388567,3.506126956857108e-05,1.753063478428554e-05,48.93549774583471,46.15710594382282
2019-06-12T00:00:00,1560297600000,22.31261862014576,22.30658636350275,383.805445015164,643.7138424318923,38.250723138684855,5.1752743592440655,0.0,0.0008765471056414572,46.612716760604116,45.14026323914139
2019-06-13T00:00:00,1560384000000,22.891467771672726,22.12016681008901,360.6307443493353,629.9635517336594,37.57313320973532,4.910457181176285,0.0,0.003293755670387756,43.00549284746264,45.22668929207438
2019-06-14T00:00:00,1560470400000,22.92982832367268,21.888198662920978,314.93995757586384,646.5761517425145,37.78184878074435,5.049768599677442,0.0,0.0019458663487833953,46.55579999440173,51.80277680832443
2019-06-15T00:00:00,1560556800000,23.127536932474108,22.163533418996582,440.2855039180969,634.1125972933174,35.26464246270358,4.841543370030152,0.0,0.0,49.16973504885892,52.13954838615724
2019-06-16T00:00:00,1560643200000,23.28356679930392,22.296518454437926,443.21311992707257,631.642585418018,34.08619813123433,4.820959626948092,0.001788124747997125,0.0,50.03118355974748,54.11348627591776
2019-06-17T00:00:00,1560729600000,23.910238121875075,24.012566173006828,348.5438273552821,658.0407945022965,35.36399495108867,5.4853791942779,0.016742049717751832,0.0,47.79944241591521,46.62829499669181
2019-06-18T00:00:00,1560816000000,25.26559389278291,25.300296266677933,303.9973878896252,650.4932244096559,34.75838855580099,5.724295706747541,0.02072157357736405,3.506126956857108e-05,49.94347321136583,49.18216242774423
2019-06-19T00:00:00,1560902400000,26.56156223428794,26.24936364471273,323.0986273512964,649.1447128532361,36.40551864383009,6.203071313372134,0.020966639202005505,8.765163733258537e-05,43.431744468919945,42.61360877343125
2019-06-20T00:00:00,1560988800000,26.780195084308374,25.084252473151277,242.14802353046036,562.0366334648038,33.73454699407282,5.837288588809413,0.0,0.0,43.71192104979321,51.886697046593696
2019-06-21T00:00:00,1561075200000,26.193520672416113,24.71317228773735,313.7383773928897,667.8965535376201,33.904284412032816,5.663768319192203,0.0,7.01213098660683e-05,43.655104761061466,42.948604574578646
2019-06-22T00:00:00,1561161600000,25.668873835090626,23.14777538624429,210.57542291173635,449.3647535235958,33.24982031729336,5.086967954561391,0.0,0.0,42.26931725875743,49.26833144331637
2019-06-23T00:00:00,1561248000000,25.386120700304524,24.51058856918035,435.09997896286944,599.8442753712112,33.47940114301743,5.3939308942376805,0.0,0.0,44.48758115387578,52.076454577016236
2019-06-24T00:00:00,1561334400000,26.38613704792138,25.226068867775275,299.67221793703106,605.9632220177053,35.05749947409018,5.6679989481987905,0.007362737535937172,0.0,48.465724682458514,56.296127552183265
2019-06-25T00:00:00,1561420800000,27.59182061377696,27.15996071336213,313.7135294323879,609.050206857864,35.844634154892546,6.389909543510273,0.016986291764540896,0.0,53.24454119783654,55.43761829500337
2019-06-26T00:00:00,1561507200000,28.526801642833263,28.446041591036547,167.5360329564379,614.4864139962134,34.987343325444826,6.705139892013182,0.008712420019283022,0.0,52.381640789370685,53.987926904453516
2019-06-27T00:00:00,1561593600000,29.255488268805202,29.371958280612844,175.28803099633583,615.5251402524544,33.496484861235295,6.993443197755961,0.0,0.0,45.642400787355655,44.88665500937805
2019-06-28T00:00:00,1561680000000,28.71408536989418,28.501341072856224,174.60734507844683,616.476150407573,37.414409676571125,6.863441142957314,0.00897537032167587,0.00047331054430712596,32.499325100643546,32.16803399172179
2019-06-29T00:00:00,1561766400000,28.452655892278177,28.3685862404864,180.3654547366945,616.0363572618108,35.27755767477736,6.677710579367166,0.0,0.0,37.00136549871873,37.38739765417002
2019-06-30T00:00:00,1561852800000,29.322863454159847,29.52574720834592,178.68379994039583,614.1097593043844,35.697771856318916,7.050646003891801,0.0,0.0,43.45370515163618,44.268411641200906
2019-07-01T00:00:00,1561939200000,29.96193443706532,29.513459773578916,155.7849204123133,611.3215062057359,39.36810181614192,7.157071734099993,0.008659981768459436,0.0,36.972214417724736,37.16972342902351
2019-07-02T00:00:00,1562025600000,28.44617584102128,27.746406401440392,214.37203961784556,471.3145531676191,41.31923919712508,7.113049118255443,0.013059865018844772,0.01774006941766294,31.219912360692298,30.98508573645851
2019-07-03T00:00:00,1562112000000,28.023584492196626,27.485187422321033,271.2115661045472,596.0155488553097,42.63538197244329,6.742225572345125,0.018143252813518914,0.0014900255933807803,29.32662762881069,30.753562037433152
2019-07-04T00:00:00,1562198400000,27.786007837029988,27.641827762526056,290.46529116853065,548.600024541598,42.89445359885005,6.7427865231567505,0.008168846194299337,1.75297128633033e-05,29.319317793781767,28.45714157747653
2019-07-05T00:00:00,1562284800000,28.069711515460238,28.121799930701837,188.4678587080375,599.2027837184027,43.11094749758962,6.73742243102058,0.009378560785344903,0.0,32.50200540872113,31.2077217829268
2019-07-06T00:00:00,1562371200000,28.44736974533794,28.22902263494574,118.09510035936542,594.1963186957665,39.936856867385394,6.717135594705934,0.0,0.0,37.22575515377938,37.68657721192551
